{"stats":{"minecraft:crafted":{"minecraft:oak_planks":108,"minecraft:cooked_chicken":7,"minecraft:furnace":1,"minecraft:iron_boots":1,"minecraft:iron_axe":1,"minecraft:stone_pickaxe":1,"minecraft:chest":2,"minecraft:cooked_beef":5,"minecraft:coal_block":1,"minecraft:cooked_cod":5,"minecraft:diamond_sword":1,"minecraft:cooked_porkchop":3,"minecraft:crafting_table":4,"minecraft:dried_kelp":20,"minecraft:wooden_pickaxe":1,"minecraft:oak_wood":3,"minecraft:stone_axe":2,"minecraft:bread":8,"minecraft:oak_boat":3,"minecraft:shield":1,"minecraft:stick":24,"minecraft:iron_pickaxe":1,"minecraft:wooden_axe":1,"minecraft:iron_leggings":1,"minecraft:torch":48},"minecraft:mined":{"minecraft:spruce_planks":3,"minecraft:white_bed":1,"minecraft:spruce_fence":1,"minecraft:grass_block":9,"minecraft:jungle_planks":17,"minecraft:jungle_log":8,"minecraft:kelp":10,"minecraft:oxeye_daisy":1,"minecraft:sandstone":15,"minecraft:tall_seagrass":1,"minecraft:furnace":4,"minecraft:stone":92,"minecraft:kelp_plant":6,"minecraft:crafting_table":9,"minecraft:torch":1,"minecraft:jungle_stairs":5,"minecraft:short_grass":24,"minecraft:wall_torch":1,"minecraft:spruce_stairs":2,"minecraft:seagrass":6,"minecraft:birch_leaves":1,"minecraft:coal_ore":115,"minecraft:oak_log":29,"minecraft:gravel":4,"minecraft:sand":87,"minecraft:dirt":11,"minecraft:oak_leaves":19},"minecraft:custom":{"minecraft:mob_kills":37,"minecraft:interact_with_crafting_table":25,"minecraft:leave_game":1,"minecraft:time_since_death":42448,"minecraft:sprint_one_cm":131602,"minecraft:walk_one_cm":218951,"minecraft:damage_blocked_by_shield":735,"minecraft:drop":36,"minecraft:talked_to_villager":16,"minecraft:play_time":122313,"minecraft:deaths":3,"minecraft:sneak_time":2607,"minecraft:walk_under_water_one_cm":36680,"minecraft:boat_one_cm":962024,"minecraft:jump":1219,"minecraft:walk_on_water_one_cm":43136,"minecraft:total_world_time":122313,"minecraft:interact_with_furnace":30,"minecraft:sleep_in_bed":2,"minecraft:time_since_rest":15206,"minecraft:damage_taken":3087,"minecraft:damage_dealt":4281,"minecraft:swim_one_cm":63952,"minecraft:fly_one_cm":111852,"minecraft:open_chest":23,"minecraft:crouch_one_cm":3615,"minecraft:fall_one_cm":18717},"minecraft:used":{"minecraft:dried_kelp":20,"minecraft:chest":2,"minecraft:shield":7,"minecraft:cooked_chicken":1,"minecraft:rotten_flesh":1,"minecraft:torch":21,"minecraft:dirt":12,"minecraft:spruce_stairs":2,"minecraft:carrot":13,"minecraft:wooden_axe":50,"minecraft:iron_axe":3,"minecraft:bow":4,"minecraft:furnace":4,"minecraft:oak_sapling":1,"minecraft:cooked_cod":5,"minecraft:cooked_beef":3,"minecraft:stone_pickaxe":85,"minecraft:oak_planks":15,"minecraft:wooden_pickaxe":22,"minecraft:sandstone":10,"minecraft:sand":19,"minecraft:crafting_table":13,"minecraft:white_bed":1,"minecraft:oxeye_daisy":1,"minecraft:diamond_shovel":95,"minecraft:iron_pickaxe":125,"minecraft:suspicious_stew":1,"minecraft:jungle_stairs":3,"minecraft:leather_helmet":1,"minecraft:gravel":3,"minecraft:stone_axe":177,"minecraft:diamond_sword":7,"minecraft:cobblestone":33,"minecraft:cooked_porkchop":9,"minecraft:oak_boat":3},"minecraft:broken":{"minecraft:stone_axe":2},"minecraft:dropped":{"minecraft:bread":4,"minecraft:wheat_seeds":3,"minecraft:oak_log":1,"minecraft:feather":5,"minecraft:leather":2,"minecraft:stick":1,"minecraft:emerald":240,"minecraft:dirt":1,"minecraft:golden_carrot":4,"minecraft:sand":50,"minecraft:paper":9,"minecraft:kelp":3,"minecraft:cooked_chicken":6,"minecraft:bowl":1,"minecraft:wheat":2,"minecraft:spruce_fence":1,"minecraft:carrot":13,"minecraft:filled_map":3,"minecraft:potato":3,"minecraft:sandstone":2,"minecraft:stone_pickaxe":1},"minecraft:killed_by":{"minecraft:drowned":1,"minecraft:zombie":1},"minecraft:picked_up":{"minecraft:fishing_rod":1,"minecraft:crafting_table":12,"minecraft:wheat":52,"minecraft:chicken":7,"minecraft:suspicious_stew":1,"minecraft:string":11,"minecraft:flint_and_steel":1,"minecraft:item_frame":1,"minecraft:spruce_planks":6,"minecraft:beef":5,"minecraft:furnace":6,"minecraft:stick":4,"minecraft:sandstone":12,"minecraft:torch":92,"minecraft:bowl":1,"minecraft:spruce_stairs":2,"minecraft:spruce_fence":2,"minecraft:porkchop":14,"minecraft:carrot":23,"minecraft:golden_chestplate":1,"minecraft:arrow":8,"minecraft:rotten_flesh":1,"minecraft:jungle_stairs":3,"minecraft:cod":5,"minecraft:cobblestone":129,"minecraft:oxeye_daisy":1,"minecraft:feather":15,"minecraft:cooked_beef":4,"minecraft:golden_carrot":7,"minecraft:jungle_log":16,"minecraft:leather":6,"minecraft:filled_map":3,"minecraft:flint":3,"minecraft:oak_log":29,"minecraft:paper":18,"minecraft:dirt":14,"minecraft:bone":12,"minecraft:kelp":23,"minecraft:wheat_seeds":3,"minecraft:iron_ingot":19,"minecraft:cooked_chicken":12,"minecraft:stone_pickaxe":2,"minecraft:oak_planks":140,"minecraft:cooked_porkchop":36,"minecraft:gravel":3,"minecraft:jungle_planks":34,"minecraft:sand":69,"minecraft:white_bed":1,"minecraft:leather_helmet":2,"minecraft:diamond_shovel":1,"minecraft:stone_axe":2,"minecraft:iron_helmet":1,"minecraft:emerald":206,"minecraft:oak_sapling":1,"minecraft:coal":143},"minecraft:killed":{"minecraft:spider":2,"minecraft:cod":5,"minecraft:skeleton":4,"minecraft:chicken":7,"minecraft:pig":10,"minecraft:zombie":4,"minecraft:enderman":1,"minecraft:cow":4}},"DataVersion":3955}