{"stats":{"minecraft:crafted":{"minecraft:iron_boots":1,"minecraft:iron_chestplate":1,"minecraft:cooked_porkchop":5,"minecraft:crafting_table":1,"minecraft:stick":8,"minecraft:iron_helmet":1,"minecraft:cooked_chicken":3,"minecraft:stone_pickaxe":1,"minecraft:stone_sword":1,"minecraft:iron_leggings":1},"minecraft:mined":{"minecraft:birch_log":1,"minecraft:iron_ore":2,"minecraft:oak_log":4,"minecraft:oak_leaves":6},"minecraft:custom":{"minecraft:time_since_rest":707,"minecraft:interact_with_furnace":7,"minecraft:sprint_one_cm":24438,"minecraft:damage_taken":787,"minecraft:walk_one_cm":18924,"minecraft:damage_dealt":108,"minecraft:interact_with_crafting_table":7,"minecraft:fly_one_cm":6465,"minecraft:open_chest":3,"minecraft:play_time":21970,"minecraft:deaths":3,"minecraft:sneak_time":78,"minecraft:walk_under_water_one_cm":4176,"minecraft:jump":130,"minecraft:leave_game":1,"minecraft:time_since_death":11792,"minecraft:walk_on_water_one_cm":6374,"minecraft:sleep_in_bed":2,"minecraft:total_world_time":21970,"minecraft:fall_one_cm":3501},"minecraft:used":{"minecraft:stone_pickaxe":2,"minecraft:crafting_table":1,"minecraft:white_bed":1},"minecraft:killed_by":{"minecraft:creeper":1,"minecraft:zombie":2},"minecraft:picked_up":{"minecraft:birch_log":1,"minecraft:pink_petals":1,"minecraft:crafting_table":1,"minecraft:cherry_planks":29,"minecraft:oak_log":4,"minecraft:white_bed":2,"minecraft:shield":2,"minecraft:stone_sword":2,"minecraft:iron_ingot":61,"minecraft:stone_pickaxe":1,"minecraft:birch_sign":1,"minecraft:bread":32,"minecraft:oak_planks":40,"minecraft:cobblestone":28}},"DataVersion":3955}