{"stats":{"minecraft:picked_up":{"minecraft:birch_log":1,"minecraft:pink_petals":8,"minecraft:crafting_table":1,"minecraft:cherry_planks":29,"minecraft:oak_log":4,"minecraft:cherry_log":10,"minecraft:carrot":13,"minecraft:white_bed":2,"minecraft:shield":2,"minecraft:dirt":6,"minecraft:stone_sword":2,"minecraft:rotten_flesh":1,"minecraft:beetroot":8,"minecraft:beetroot_seeds":24,"minecraft:iron_ingot":61,"minecraft:stone_pickaxe":1,"minecraft:birch_sign":1,"minecraft:bread":32,"minecraft:fletching_table":1,"minecraft:oak_planks":40,"minecraft:cobblestone":28},"minecraft:killed_by":{"minecraft:skeleton":1,"minecraft:creeper":1,"minecraft:zombie":2},"minecraft:used":{"minecraft:oak_log":1,"minecraft:stone_sword":3,"minecraft:stone_pickaxe":7,"minecraft:oak_planks":6,"minecraft:fletching_table":1,"minecraft:crafting_table":2,"minecraft:cooked_porkchop":2,"minecraft:beetroot_seeds":20,"minecraft:white_bed":1,"minecraft:cherry_log":1},"minecraft:mined":{"minecraft:pink_petals":1,"minecraft:carrots":5,"minecraft:birch_log":1,"minecraft:iron_ore":2,"minecraft:cherry_log":10,"minecraft:fletching_table":1,"minecraft:short_grass":1,"minecraft:beetroots":11,"minecraft:grass_block":5,"minecraft:oak_log":4,"minecraft:cherry_leaves":2,"minecraft:dirt":1,"minecraft:oak_leaves":6},"minecraft:custom":{"minecraft:time_since_rest":5697,"minecraft:interact_with_furnace":7,"minecraft:sprint_one_cm":46309,"minecraft:damage_taken":1201,"minecraft:walk_one_cm":53221,"minecraft:damage_dealt":158,"minecraft:swim_one_cm":713,"minecraft:interact_with_crafting_table":8,"minecraft:fly_one_cm":28965,"minecraft:open_chest":4,"minecraft:crouch_one_cm":78,"minecraft:play_time":39966,"minecraft:deaths":4,"minecraft:bell_ring":1,"minecraft:sneak_time":389,"minecraft:walk_under_water_one_cm":7772,"minecraft:jump":338,"minecraft:leave_game":1,"minecraft:walk_on_water_one_cm":16841,"minecraft:time_since_death":5603,"minecraft:sleep_in_bed":3,"minecraft:total_world_time":39966,"minecraft:fall_one_cm":8991},"minecraft:crafted":{"minecraft:cherry_planks":36,"minecraft:wooden_sword":1,"minecraft:iron_boots":1,"minecraft:iron_chestplate":1,"minecraft:cooked_porkchop":5,"minecraft:crafting_table":2,"minecraft:stick":20,"minecraft:wooden_pickaxe":1,"minecraft:cooked_chicken":3,"minecraft:iron_helmet":1,"minecraft:stone_pickaxe":1,"minecraft:wooden_axe":1,"minecraft:stone_sword":1,"minecraft:chest":2,"minecraft:iron_leggings":1}},"DataVersion":3955}