{"stats":{"minecraft:picked_up":{"minecraft:wooden_axe":1,"minecraft:birch_log":1,"minecraft:pink_petals":8,"minecraft:crafting_table":2,"minecraft:cherry_planks":29,"minecraft:wooden_pickaxe":1,"minecraft:oak_log":9,"minecraft:shield":2,"minecraft:dirt":9,"minecraft:wooden_sword":1,"minecraft:beetroot":8,"minecraft:iron_ingot":61,"minecraft:stone_pickaxe":1,"minecraft:fletching_table":2,"minecraft:oak_planks":42,"minecraft:stick":7,"minecraft:cherry_log":10,"minecraft:white_bed":2,"minecraft:carrot":26,"minecraft:yellow_carpet":7,"minecraft:stone_sword":2,"minecraft:rotten_flesh":1,"minecraft:beetroot_seeds":24,"minecraft:birch_sign":1,"minecraft:bread":32,"minecraft:oak_sapling":1,"minecraft:cobblestone":28},"minecraft:killed_by":{"minecraft:skeleton":1,"minecraft:creeper":1,"minecraft:zombie":2,"minecraft:iron_golem":1},"minecraft:used":{"minecraft:stone_sword":3,"minecraft:stone_pickaxe":7,"minecraft:oak_planks":6,"minecraft:chest":2,"minecraft:iron_sword":4,"minecraft:fletching_table":1,"minecraft:crafting_table":3,"minecraft:white_bed":2,"minecraft:yellow_carpet":7,"minecraft:oak_log":1,"minecraft:apple":2,"minecraft:iron_axe":7,"minecraft:wooden_sword":1,"minecraft:cooked_porkchop":2,"minecraft:beetroot_seeds":20,"minecraft:cherry_log":1},"minecraft:mined":{"minecraft:cherry_log":10,"minecraft:crafting_table":1,"minecraft:short_grass":1,"minecraft:grass_block":6,"minecraft:yellow_carpet":7,"minecraft:oak_planks":1,"minecraft:pink_petals":1,"minecraft:carrots":5,"minecraft:birch_log":1,"minecraft:iron_ore":2,"minecraft:fletching_table":2,"minecraft:dirt_path":1,"minecraft:oak_log":9,"minecraft:beetroots":11,"minecraft:cherry_leaves":2,"minecraft:dirt":2,"minecraft:oak_leaves":8},"minecraft:custom":{"minecraft:interact_with_furnace":7,"minecraft:mob_kills":1,"minecraft:interact_with_crafting_table":13,"minecraft:bell_ring":1,"minecraft:leave_game":2,"minecraft:time_since_death":11636,"minecraft:sleep_in_bed":4,"minecraft:time_since_rest":10478,"minecraft:sprint_one_cm":66866,"minecraft:damage_taken":1753,"minecraft:walk_one_cm":81422,"minecraft:damage_dealt":238,"minecraft:swim_one_cm":713,"minecraft:fly_one_cm":57544,"minecraft:open_chest":9,"minecraft:crouch_one_cm":78,"minecraft:play_time":53111,"minecraft:deaths":5,"minecraft:sneak_time":389,"minecraft:walk_under_water_one_cm":7772,"minecraft:jump":495,"minecraft:interact_with_blast_furnace":1,"minecraft:walk_on_water_one_cm":16841,"minecraft:total_world_time":53111,"minecraft:fall_one_cm":11309},"minecraft:killed":{"minecraft:skeleton":1},"minecraft:crafted":{"minecraft:cherry_planks":36,"minecraft:wooden_sword":1,"minecraft:cooked_porkchop":5,"minecraft:crafting_table":2,"minecraft:iron_helmet":2,"minecraft:wooden_pickaxe":1,"minecraft:cooked_chicken":3,"minecraft:iron_boots":2,"minecraft:iron_chestplate":1,"minecraft:iron_axe":1,"minecraft:stick":20,"minecraft:stone_pickaxe":1,"minecraft:wooden_axe":1,"minecraft:stone_sword":1,"minecraft:chest":2,"minecraft:iron_leggings":1}},"DataVersion":3955}