{"stats":{"minecraft:picked_up":{"minecraft:wooden_axe":1,"minecraft:birch_log":1,"minecraft:pink_petals":8,"minecraft:iron_chestplate":1,"minecraft:crafting_table":2,"minecraft:cherry_planks":29,"minecraft:wooden_pickaxe":1,"minecraft:oak_log":9,"minecraft:shield":2,"minecraft:dirt":9,"minecraft:iron_axe":1,"minecraft:wooden_sword":1,"minecraft:apple":30,"minecraft:beetroot":8,"minecraft:iron_ingot":61,"minecraft:stone_pickaxe":1,"minecraft:iron_pickaxe":1,"minecraft:fletching_table":2,"minecraft:iron_sword":1,"minecraft:oak_planks":57,"minecraft:stick":7,"minecraft:torch":4,"minecraft:cherry_log":10,"minecraft:white_bed":2,"minecraft:carrot":37,"minecraft:rotten_flesh":3,"minecraft:stone_sword":2,"minecraft:yellow_carpet":7,"minecraft:beetroot_seeds":24,"minecraft:birch_sign":1,"minecraft:bread":32,"minecraft:oak_sapling":1,"minecraft:cobblestone":197},"minecraft:killed_by":{"minecraft:skeleton":1,"minecraft:creeper":1,"minecraft:zombie":2,"minecraft:enderman":1,"minecraft:iron_golem":1},"minecraft:used":{"minecraft:stone_sword":3,"minecraft:stone_pickaxe":7,"minecraft:oak_planks":6,"minecraft:chest":2,"minecraft:shield":4,"minecraft:iron_sword":13,"minecraft:fletching_table":1,"minecraft:torch":4,"minecraft:crafting_table":3,"minecraft:carrot":2,"minecraft:white_bed":2,"minecraft:yellow_carpet":7,"minecraft:oak_log":1,"minecraft:apple":2,"minecraft:iron_axe":7,"minecraft:iron_pickaxe":110,"minecraft:wooden_sword":1,"minecraft:cobblestone":3,"minecraft:cooked_porkchop":2,"minecraft:beetroot_seeds":20,"minecraft:cherry_log":1},"minecraft:mined":{"minecraft:cherry_log":10,"minecraft:crafting_table":1,"minecraft:short_grass":1,"minecraft:grass_block":6,"minecraft:yellow_carpet":7,"minecraft:oak_planks":1,"minecraft:wall_torch":4,"minecraft:pink_petals":1,"minecraft:carrots":5,"minecraft:birch_log":1,"minecraft:iron_ore":2,"minecraft:fletching_table":2,"minecraft:oak_log":9,"minecraft:beetroots":11,"minecraft:dirt_path":1,"minecraft:cherry_leaves":2,"minecraft:dirt":2,"minecraft:stone":106,"minecraft:oak_leaves":8},"minecraft:custom":{"minecraft:interact_with_furnace":7,"minecraft:mob_kills":2,"minecraft:interact_with_crafting_table":20,"minecraft:bell_ring":1,"minecraft:leave_game":2,"minecraft:time_since_death":3384,"minecraft:sleep_in_bed":6,"minecraft:time_since_rest":3503,"minecraft:sprint_one_cm":69241,"minecraft:damage_taken":2088,"minecraft:walk_one_cm":101319,"minecraft:damage_blocked_by_shield":300,"minecraft:damage_dealt":438,"minecraft:swim_one_cm":713,"minecraft:fly_one_cm":59886,"minecraft:open_chest":10,"minecraft:crouch_one_cm":386,"minecraft:play_time":64960,"minecraft:deaths":6,"minecraft:sneak_time":827,"minecraft:walk_under_water_one_cm":7772,"minecraft:jump":565,"minecraft:interact_with_blast_furnace":1,"minecraft:walk_on_water_one_cm":16841,"minecraft:total_world_time":64960,"minecraft:fall_one_cm":13602},"minecraft:killed":{"minecraft:skeleton":1,"minecraft:zombie":1},"minecraft:crafted":{"minecraft:cherry_planks":36,"minecraft:wooden_sword":1,"minecraft:oak_planks":20,"minecraft:cooked_porkchop":5,"minecraft:crafting_table":2,"minecraft:wooden_pickaxe":1,"minecraft:iron_helmet":2,"minecraft:cooked_chicken":3,"minecraft:iron_boots":2,"minecraft:iron_chestplate":1,"minecraft:shield":1,"minecraft:iron_axe":1,"minecraft:stick":20,"minecraft:stone_pickaxe":1,"minecraft:wooden_axe":1,"minecraft:stone_sword":1,"minecraft:chest":2,"minecraft:iron_leggings":1}},"DataVersion":3955}