{"stats":{"minecraft:crafted":{"minecraft:stone_sword":1,"minecraft:crafting_table":1,"minecraft:stick":8,"minecraft:stone_pickaxe":1},"minecraft:mined":{"minecraft:iron_ore":2,"minecraft:birch_log":1},"minecraft:custom":{"minecraft:time_since_rest":1918,"minecraft:play_time":11999,"minecraft:sprint_one_cm":7277,"minecraft:walk_one_cm":11526,"minecraft:damage_taken":777,"minecraft:deaths":3,"minecraft:jump":82,"minecraft:damage_dealt":108,"minecraft:walk_on_water_one_cm":781,"minecraft:time_since_death":1821,"minecraft:total_world_time":11999,"minecraft:interact_with_crafting_table":1,"minecraft:fall_one_cm":3301,"minecraft:fly_one_cm":2794},"minecraft:used":{"minecraft:crafting_table":1,"minecraft:stone_pickaxe":2},"minecraft:killed_by":{"minecraft:creeper":1,"minecraft:zombie":2},"minecraft:picked_up":{"minecraft:birch_log":1,"minecraft:cherry_planks":29,"minecraft:iron_ingot":32,"minecraft:bread":32,"minecraft:white_bed":1,"minecraft:shield":1,"minecraft:cobblestone":28}},"DataVersion":3955}