{"stats":{"minecraft:crafted":{"minecraft:cooked_mutton":7,"minecraft:iron_pickaxe":1,"minecraft:stone_pickaxe":3},"minecraft:mined":{"minecraft:glass_pane":16,"minecraft:mossy_cobblestone":43,"minecraft:oak_door":4,"minecraft:cobblestone_stairs":25,"minecraft:oak_fence":1,"minecraft:ladder":1,"minecraft:short_grass":2,"minecraft:grass_block":4,"minecraft:chest":1,"minecraft:white_stained_glass_pane":10,"minecraft:cobblestone":338,"minecraft:spruce_leaves":165,"minecraft:oak_planks":1,"minecraft:wall_torch":1,"minecraft:oak_trapdoor":6,"minecraft:carrots":5,"minecraft:cobblestone_wall":2,"minecraft:wheat":13,"minecraft:fire":2,"minecraft:spruce_log":93,"minecraft:yellow_bed":1,"minecraft:yellow_stained_glass_pane":10,"minecraft:potatoes":4,"minecraft:oak_log":16,"minecraft:cobblestone_slab":2,"minecraft:oak_leaves":6},"minecraft:custom":{"minecraft:interact_with_furnace":1,"minecraft:mob_kills":1,"minecraft:interact_with_crafting_table":3,"minecraft:leave_game":5,"minecraft:time_since_death":8784,"minecraft:sleep_in_bed":4,"minecraft:climb_one_cm":2116,"minecraft:time_since_rest":6585,"minecraft:sprint_one_cm":102099,"minecraft:damage_taken":926,"minecraft:walk_one_cm":121412,"minecraft:drop":11,"minecraft:damage_dealt":56,"minecraft:swim_one_cm":6273,"minecraft:talked_to_villager":3,"minecraft:fly_one_cm":36287,"minecraft:open_chest":25,"minecraft:play_time":53751,"minecraft:deaths":3,"minecraft:walk_under_water_one_cm":715,"minecraft:jump":301,"minecraft:walk_on_water_one_cm":6595,"minecraft:total_world_time":53751,"minecraft:fall_one_cm":3144},"minecraft:used":{"minecraft:oak_fence":1,"minecraft:cooked_mutton":1,"minecraft:flint_and_steel":26,"minecraft:stone_shovel":4,"minecraft:stone_pickaxe":190,"minecraft:iron_chestplate":1,"minecraft:white_bed":4,"minecraft:iron_axe":79,"minecraft:iron_pickaxe":251,"minecraft:iron_helmet":1,"minecraft:stone_axe":59,"minecraft:oak_sapling":2,"minecraft:yellow_bed":2,"minecraft:cooked_beef":1,"minecraft:potato":3},"minecraft:dropped":{"minecraft:iron_ingot":64,"minecraft:cooked_mutton":6,"minecraft:poppy":217,"minecraft:yellow_bed":1,"minecraft:iron_axe":1,"minecraft:arrow":2,"minecraft:spruce_sapling":4},"minecraft:broken":{"minecraft:stone_pickaxe":2,"minecraft:stone_axe":1,"minecraft:iron_pickaxe":1},"minecraft:killed_by":{"minecraft:player":3},"minecraft:picked_up":{"minecraft:iron_chestplate":1,"minecraft:ladder":10,"minecraft:potato":3,"minecraft:oak_log":14,"minecraft:yellow_bed":2,"minecraft:cobblestone_wall":2,"minecraft:cobblestone_stairs":25,"minecraft:map":2,"minecraft:oak_trapdoor":6,"minecraft:dirt":4,"minecraft:cooked_mutton":6,"minecraft:wheat_seeds":10,"minecraft:iron_ingot":92,"minecraft:cobblestone_slab":2,"minecraft:chest":1,"minecraft:stick":18,"minecraft:oak_door":4,"minecraft:oak_fence":1,"minecraft:torch":16,"minecraft:spruce_sapling":12,"minecraft:spruce_log":93,"minecraft:carrot":6,"minecraft:mossy_cobblestone":38,"minecraft:arrow":2,"minecraft:iron_helmet":1,"minecraft:emerald":64,"minecraft:oak_sapling":2,"minecraft:cobblestone":323},"minecraft:killed":{"minecraft:skeleton":1}},"DataVersion":3955}