{"stats":{"minecraft:crafted":{"minecraft:cooked_beef":5,"minecraft:coal_block":1,"minecraft:cooked_cod":5,"minecraft:oak_planks":108,"minecraft:diamond_sword":1,"minecraft:cooked_porkchop":3,"minecraft:crafting_table":3,"minecraft:dried_kelp":20,"minecraft:wooden_pickaxe":1,"minecraft:cooked_chicken":7,"minecraft:furnace":1,"minecraft:oak_wood":3,"minecraft:stone_axe":2,"minecraft:bread":8,"minecraft:oak_boat":3,"minecraft:iron_boots":1,"minecraft:stick":20,"minecraft:stone_pickaxe":1,"minecraft:wooden_axe":1,"minecraft:chest":2,"minecraft:iron_leggings":1,"minecraft:torch":48},"minecraft:mined":{"minecraft:white_bed":1,"minecraft:spruce_planks":3,"minecraft:kelp_plant":6,"minecraft:torch":1,"minecraft:crafting_table":7,"minecraft:jungle_stairs":5,"minecraft:short_grass":22,"minecraft:grass_block":8,"minecraft:spruce_fence":1,"minecraft:jungle_planks":17,"minecraft:jungle_log":8,"minecraft:kelp":10,"minecraft:oxeye_daisy":1,"minecraft:sandstone":15,"minecraft:seagrass":6,"minecraft:spruce_stairs":2,"minecraft:tall_seagrass":1,"minecraft:furnace":3,"minecraft:birch_leaves":1,"minecraft:oak_log":29,"minecraft:coal_ore":41,"minecraft:sand":87,"minecraft:gravel":4,"minecraft:dirt":11,"minecraft:stone":43,"minecraft:oak_leaves":19},"minecraft:custom":{"minecraft:interact_with_furnace":30,"minecraft:mob_kills":36,"minecraft:interact_with_crafting_table":22,"minecraft:leave_game":1,"minecraft:time_since_death":30448,"minecraft:sleep_in_bed":2,"minecraft:time_since_rest":3206,"minecraft:sprint_one_cm":128496,"minecraft:damage_taken":2833,"minecraft:walk_one_cm":200236,"minecraft:drop":35,"minecraft:damage_dealt":3860,"minecraft:talked_to_villager":14,"minecraft:swim_one_cm":63819,"minecraft:fly_one_cm":105081,"minecraft:open_chest":23,"minecraft:crouch_one_cm":1456,"minecraft:play_time":110313,"minecraft:deaths":3,"minecraft:sneak_time":858,"minecraft:walk_under_water_one_cm":35445,"minecraft:boat_one_cm":962024,"minecraft:jump":1096,"minecraft:walk_on_water_one_cm":34088,"minecraft:total_world_time":110313,"minecraft:fall_one_cm":18047},"minecraft:used":{"minecraft:stone_pickaxe":85,"minecraft:dried_kelp":20,"minecraft:oak_planks":15,"minecraft:chest":2,"minecraft:wooden_pickaxe":22,"minecraft:sandstone":10,"minecraft:rotten_flesh":1,"minecraft:cooked_chicken":1,"minecraft:torch":4,"minecraft:dirt":11,"minecraft:sand":19,"minecraft:crafting_table":11,"minecraft:spruce_stairs":2,"minecraft:carrot":13,"minecraft:white_bed":1,"minecraft:wooden_axe":50,"minecraft:oxeye_daisy":1,"minecraft:diamond_shovel":95,"minecraft:suspicious_stew":1,"minecraft:jungle_stairs":3,"minecraft:leather_helmet":1,"minecraft:gravel":3,"minecraft:stone_axe":177,"minecraft:bow":4,"minecraft:cobblestone":7,"minecraft:oak_sapling":1,"minecraft:furnace":3,"minecraft:cooked_porkchop":9,"minecraft:cooked_cod":5,"minecraft:oak_boat":3,"minecraft:cooked_beef":3},"minecraft:broken":{"minecraft:stone_axe":2},"minecraft:dropped":{"minecraft:bread":4,"minecraft:kelp":3,"minecraft:wheat_seeds":3,"minecraft:cooked_chicken":6,"minecraft:oak_log":1,"minecraft:bowl":1,"minecraft:wheat":2,"minecraft:feather":5,"minecraft:leather":2,"minecraft:spruce_fence":1,"minecraft:carrot":13,"minecraft:stick":1,"minecraft:emerald":240,"minecraft:dirt":1,"minecraft:filled_map":3,"minecraft:potato":3,"minecraft:golden_carrot":4,"minecraft:sandstone":2,"minecraft:sand":50,"minecraft:paper":9},"minecraft:killed_by":{"minecraft:zombie":1,"minecraft:drowned":1},"minecraft:picked_up":{"minecraft:fishing_rod":1,"minecraft:crafting_table":10,"minecraft:wheat":52,"minecraft:feather":15,"minecraft:cooked_beef":4,"minecraft:golden_carrot":7,"minecraft:chicken":7,"minecraft:suspicious_stew":1,"minecraft:jungle_log":16,"minecraft:leather":6,"minecraft:filled_map":3,"minecraft:flint":3,"minecraft:oak_log":29,"minecraft:string":10,"minecraft:dirt":13,"minecraft:paper":18,"minecraft:flint_and_steel":1,"minecraft:item_frame":1,"minecraft:bone":12,"minecraft:kelp":23,"minecraft:wheat_seeds":3,"minecraft:iron_ingot":19,"minecraft:spruce_planks":6,"minecraft:beef":5,"minecraft:stone_pickaxe":2,"minecraft:cooked_chicken":12,"minecraft:oak_planks":140,"minecraft:furnace":5,"minecraft:sandstone":12,"minecraft:stick":4,"minecraft:cooked_porkchop":36,"minecraft:torch":91,"minecraft:bowl":1,"minecraft:spruce_stairs":2,"minecraft:gravel":3,"minecraft:spruce_fence":2,"minecraft:sand":69,"minecraft:porkchop":14,"minecraft:jungle_planks":34,"minecraft:white_bed":1,"minecraft:carrot":23,"minecraft:golden_chestplate":1,"minecraft:leather_helmet":2,"minecraft:diamond_shovel":1,"minecraft:arrow":8,"minecraft:rotten_flesh":1,"minecraft:stone_axe":2,"minecraft:jungle_stairs":3,"minecraft:iron_helmet":1,"minecraft:emerald":206,"minecraft:oak_sapling":1,"minecraft:coal":69,"minecraft:cod":5,"minecraft:cobblestone":77,"minecraft:oxeye_daisy":1},"minecraft:killed":{"minecraft:pig":10,"minecraft:spider":2,"minecraft:cod":5,"minecraft:skeleton":4,"minecraft:zombie":4,"minecraft:chicken":7,"minecraft:cow":4}},"DataVersion":3955}