{"stats":{"minecraft:crafted":{"minecraft:cooked_beef":5,"minecraft:coal_block":1,"minecraft:cooked_cod":5,"minecraft:oak_planks":88,"minecraft:cooked_porkchop":3,"minecraft:crafting_table":2,"minecraft:dried_kelp":20,"minecraft:wooden_pickaxe":1,"minecraft:cooked_chicken":7,"minecraft:furnace":1,"minecraft:oak_wood":3,"minecraft:stone_axe":2,"minecraft:oak_boat":2,"minecraft:stick":20,"minecraft:stone_pickaxe":1,"minecraft:wooden_axe":1,"minecraft:torch":48},"minecraft:mined":{"minecraft:spruce_planks":3,"minecraft:kelp_plant":6,"minecraft:torch":1,"minecraft:crafting_table":7,"minecraft:jungle_stairs":5,"minecraft:short_grass":21,"minecraft:grass_block":7,"minecraft:spruce_fence":1,"minecraft:jungle_planks":17,"minecraft:jungle_log":8,"minecraft:kelp":10,"minecraft:oxeye_daisy":1,"minecraft:seagrass":6,"minecraft:spruce_stairs":2,"minecraft:tall_seagrass":1,"minecraft:furnace":3,"minecraft:oak_log":24,"minecraft:coal_ore":41,"minecraft:gravel":4,"minecraft:dirt":3,"minecraft:stone":43,"minecraft:oak_leaves":12},"minecraft:custom":{"minecraft:interact_with_furnace":30,"minecraft:mob_kills":34,"minecraft:interact_with_crafting_table":8,"minecraft:leave_game":1,"minecraft:time_since_death":448,"minecraft:time_since_rest":489,"minecraft:sprint_one_cm":83071,"minecraft:damage_taken":2289,"minecraft:walk_one_cm":122943,"minecraft:drop":9,"minecraft:damage_dealt":3457,"minecraft:swim_one_cm":61470,"minecraft:fly_one_cm":67434,"minecraft:open_chest":8,"minecraft:crouch_one_cm":838,"minecraft:play_time":80313,"minecraft:deaths":3,"minecraft:sneak_time":450,"minecraft:walk_under_water_one_cm":34730,"minecraft:boat_one_cm":864485,"minecraft:jump":777,"minecraft:walk_on_water_one_cm":32739,"minecraft:total_world_time":80313,"minecraft:fall_one_cm":12149},"minecraft:used":{"minecraft:stone_pickaxe":70,"minecraft:dried_kelp":20,"minecraft:oak_planks":14,"minecraft:wooden_pickaxe":22,"minecraft:rotten_flesh":1,"minecraft:cooked_chicken":1,"minecraft:torch":4,"minecraft:dirt":10,"minecraft:crafting_table":7,"minecraft:spruce_stairs":2,"minecraft:carrot":13,"minecraft:wooden_axe":50,"minecraft:oxeye_daisy":1,"minecraft:suspicious_stew":1,"minecraft:jungle_stairs":3,"minecraft:leather_helmet":1,"minecraft:gravel":3,"minecraft:stone_axe":146,"minecraft:cobblestone":7,"minecraft:furnace":3,"minecraft:cooked_porkchop":2,"minecraft:cooked_cod":5,"minecraft:oak_boat":2,"minecraft:cooked_beef":3},"minecraft:broken":{"minecraft:stone_axe":1},"minecraft:dropped":{"minecraft:kelp":3,"minecraft:wheat_seeds":3,"minecraft:carrot":13,"minecraft:filled_map":1,"minecraft:potato":3},"minecraft:killed_by":{"minecraft:zombie":1,"minecraft:drowned":1},"minecraft:picked_up":{"minecraft:crafting_table":7,"minecraft:wheat":26,"minecraft:feather":10,"minecraft:cooked_beef":2,"minecraft:chicken":7,"minecraft:suspicious_stew":1,"minecraft:jungle_log":8,"minecraft:leather":4,"minecraft:flint":2,"minecraft:oak_log":23,"minecraft:string":6,"minecraft:dirt":10,"minecraft:paper":9,"minecraft:bone":8,"minecraft:kelp":23,"minecraft:wheat_seeds":3,"minecraft:spruce_planks":3,"minecraft:beef":5,"minecraft:stone_pickaxe":1,"minecraft:cooked_chicken":6,"minecraft:oak_planks":69,"minecraft:furnace":4,"minecraft:stick":2,"minecraft:cooked_porkchop":24,"minecraft:torch":46,"minecraft:spruce_stairs":2,"minecraft:gravel":3,"minecraft:spruce_fence":1,"minecraft:porkchop":14,"minecraft:jungle_planks":17,"minecraft:carrot":23,"minecraft:leather_helmet":1,"minecraft:arrow":4,"minecraft:rotten_flesh":1,"minecraft:stone_axe":1,"minecraft:jungle_stairs":3,"minecraft:coal":41,"minecraft:cod":5,"minecraft:cobblestone":58,"minecraft:oxeye_daisy":1},"minecraft:killed":{"minecraft:pig":10,"minecraft:spider":2,"minecraft:cod":5,"minecraft:skeleton":3,"minecraft:zombie":3,"minecraft:chicken":7,"minecraft:cow":4}},"DataVersion":3955}