{"stats":{"minecraft:crafted":{"minecraft:grindstone":2,"minecraft:oak_planks":5304,"minecraft:smooth_stone":16,"minecraft:cut_sandstone":792,"minecraft:blaze_powder":34,"minecraft:birch_boat":1,"minecraft:birch_slab":24,"minecraft:stone":19,"minecraft:diamond_shovel":5,"minecraft:bookshelf":9,"minecraft:shulker_box":4,"minecraft:cooked_mutton":19,"minecraft:suspicious_stew":12,"minecraft:diamond_helmet":3,"minecraft:diamond_leggings":3,"minecraft:bow":2,"minecraft:iron_boots":1,"minecraft:chest":38,"minecraft:bricks":12,"minecraft:stone_hoe":1,"minecraft:ender_eye":19,"minecraft:white_shulker_box":1,"minecraft:gray_bed":2,"minecraft:arrow":192,"minecraft:emerald":4305,"minecraft:diamond_axe":37,"minecraft:crafting_table":6,"minecraft:spruce_planks":39252,"minecraft:wooden_pickaxe":1,"minecraft:baked_potato":64,"minecraft:iron_helmet":11,"minecraft:chainmail_chestplate":8,"minecraft:smithing_table":2,"minecraft:fletching_table":8,"minecraft:birch_planks":660,"minecraft:spruce_trapdoor":10,"minecraft:lectern":9,"minecraft:emerald_block":223,"minecraft:iron_chestplate":1,"minecraft:book":1,"minecraft:paper":39,"minecraft:diamond_pickaxe":3,"minecraft:shield":1,"minecraft:birch_fence":81,"minecraft:stick":87708,"minecraft:stone_slab":6,"minecraft:iron_ingot":1412,"minecraft:iron_pickaxe":1,"minecraft:iron_block":502,"minecraft:gold_ingot":26,"minecraft:sandstone":620,"minecraft:black_bed":3,"minecraft:light_gray_dye":1,"minecraft:composter":1,"minecraft:shears":1,"minecraft:golden_carrot":72,"minecraft:cookie":144,"minecraft:redstone":48,"minecraft:stone_shovel":5,"minecraft:smooth_stone_slab":6,"minecraft:experience_bottle":48,"minecraft:diamond_hoe":13,"minecraft:furnace":3,"minecraft:blast_furnace":1,"minecraft:blue_shulker_box":1,"minecraft:bone_meal":42,"minecraft:light_gray_shulker_box":1,"minecraft:iron_axe":34,"minecraft:spruce_slab":30,"minecraft:iron_hoe":1,"minecraft:red_shulker_box":1,"minecraft:ender_pearl":21,"minecraft:stone_pickaxe":11,"minecraft:diamond_boots":8,"minecraft:spruce_boat":1,"minecraft:chainmail_leggings":12,"minecraft:birch_sign":6,"minecraft:red_dye":1,"minecraft:diamond_sword":3,"minecraft:bucket":2,"minecraft:stone_axe":14,"minecraft:glowstone":36,"minecraft:enchanted_book":14,"minecraft:bread":96,"minecraft:air":0,"minecraft:blue_dye":2,"minecraft:sandstone_wall":18,"minecraft:white_dye":1,"minecraft:wooden_axe":1,"minecraft:iron_shovel":3,"minecraft:iron_leggings":1,"minecraft:anvil":3,"minecraft:white_bed":27,"minecraft:pumpkin_pie":48,"minecraft:torch":124,"minecraft:lapis_lazuli":24,"minecraft:diamond_chestplate":3,"minecraft:ender_chest":2},"minecraft:mined":{"minecraft:dark_oak_planks":3,"minecraft:dragon_wall_head":1,"minecraft:spruce_planks":47,"minecraft:red_shulker_box":45,"minecraft:white_bed":27,"minecraft:oak_sapling":3,"minecraft:cobblestone_stairs":10,"minecraft:obsidian":99,"minecraft:granite":20,"minecraft:grass_block":3742,"minecraft:chiseled_tuff_bricks":2,"minecraft:oxeye_daisy":1,"minecraft:tuff_bricks":15,"minecraft:spawner":2,"minecraft:glowstone":45,"minecraft:iron_ore":56,"minecraft:fire":35,"minecraft:polished_tuff":4,"minecraft:fletching_table":6,"minecraft:dirt_path":117,"minecraft:oak_stairs":107,"minecraft:white_shulker_box":38,"minecraft:end_stone_bricks":40,"minecraft:cut_sandstone":56,"minecraft:kelp_plant":1,"minecraft:purpur_stairs":9,"minecraft:torch":6,"minecraft:poppy":1,"minecraft:chest":25,"minecraft:white_stained_glass_pane":1,"minecraft:nether_quartz_ore":153,"minecraft:cobblestone":139,"minecraft:sugar_cane":48,"minecraft:oak_planks":98,"minecraft:iron_door":4,"minecraft:wall_torch":6,"minecraft:birch_log":181,"minecraft:wheat":24,"minecraft:waxed_copper_block":3,"minecraft:black_bed":29,"minecraft:smooth_stone_slab":13,"minecraft:yellow_stained_glass_pane":1,"minecraft:oak_log":1287,"minecraft:sand":3653,"minecraft:dirt":2793,"minecraft:sandstone_wall":2,"minecraft:blue_shulker_box":21,"minecraft:netherrack":112,"minecraft:oak_leaves":383,"minecraft:deepslate":73,"minecraft:nether_gold_ore":57,"minecraft:mossy_cobblestone":6,"minecraft:candle":1,"minecraft:oak_door":4,"minecraft:end_stone":654,"minecraft:waxed_oxidized_chiseled_copper":1,"minecraft:nether_bricks":1,"minecraft:dark_oak_fence":10,"minecraft:decorated_pot":33,"minecraft:spruce_leaves":99,"minecraft:sandstone":449,"minecraft:hay_block":56,"minecraft:waxed_oxidized_cut_copper":1,"minecraft:spruce_sapling":1,"minecraft:furnace":2,"minecraft:light_gray_shulker_box":1,"minecraft:andesite":20,"minecraft:gold_block":1,"minecraft:chiseled_tuff":1,"minecraft:bookshelf":24,"minecraft:potatoes":418,"minecraft:stripped_oak_log":1,"minecraft:stone":645,"minecraft:podzol":39,"minecraft:smithing_table":3,"minecraft:acacia_leaves":6,"minecraft:glass_pane":10,"minecraft:dandelion":10,"minecraft:oak_fence":15,"minecraft:crafting_table":6,"minecraft:cornflower":3,"minecraft:short_grass":166,"minecraft:lectern":837,"minecraft:stone_slab":1,"minecraft:copper_ore":2,"minecraft:purpur_pillar":20,"minecraft:tall_grass":59,"minecraft:diorite":19,"minecraft:birch_planks":1,"minecraft:cobblestone_wall":5,"minecraft:spruce_log":10136,"minecraft:birch_leaves":13,"minecraft:bee_nest":1,"minecraft:yellow_bed":5,"minecraft:coal_ore":121,"minecraft:end_rod":2,"minecraft:gravel":238,"minecraft:cobweb":30,"minecraft:birch_fence":13},"minecraft:custom":{"minecraft:interact_with_crafting_table":146,"minecraft:open_barrel":4,"minecraft:open_shulker_box":208,"minecraft:bell_ring":2,"minecraft:leave_game":19,"minecraft:time_since_death":325609,"minecraft:sprint_one_cm":4029687,"minecraft:damage_blocked_by_shield":3762,"minecraft:drop":542,"minecraft:talked_to_villager":1394,"minecraft:play_time":1667308,"minecraft:deaths":6,"minecraft:jump":19453,"minecraft:interact_with_brewingstand":1,"minecraft:walk_on_water_one_cm":160494,"minecraft:interact_with_furnace":31,"minecraft:traded_with_villager":3356,"minecraft:sleep_in_bed":86,"minecraft:open_enderchest":24,"minecraft:damage_dealt":145578,"minecraft:player_kills":1,"minecraft:crouch_one_cm":156714,"minecraft:interact_with_smoker":8,"minecraft:inspect_dispenser":1,"minecraft:interact_with_smithing_table":3,"minecraft:mob_kills":499,"minecraft:interact_with_anvil":48,"minecraft:climb_one_cm":19055,"minecraft:walk_one_cm":3827699,"minecraft:sneak_time":52313,"minecraft:walk_under_water_one_cm":61548,"minecraft:boat_one_cm":389896,"minecraft:interact_with_blast_furnace":4,"minecraft:total_world_time":1667308,"minecraft:interact_with_grindstone":6,"minecraft:time_since_rest":6736,"minecraft:damage_taken":16133,"minecraft:damage_absorbed":82,"minecraft:swim_one_cm":169468,"minecraft:fly_one_cm":3465357,"minecraft:open_chest":399,"minecraft:fall_one_cm":416116},"minecraft:used":{"minecraft:tuff_bricks":10,"minecraft:iron_shovel":756,"minecraft:spruce_slab":3,"minecraft:poppy":12,"minecraft:diamond_hoe":4,"minecraft:chest":50,"minecraft:shield":133,"minecraft:iron_sword":86,"minecraft:white_shulker_box":38,"minecraft:rotten_flesh":4,"minecraft:mutton":2,"minecraft:nether_bricks":1,"minecraft:honey_bottle":4,"minecraft:obsidian":10,"minecraft:spruce_boat":8,"minecraft:bricks":12,"minecraft:grass_block":2100,"minecraft:birch_sapling":8,"minecraft:bow":142,"minecraft:hay_block":3,"minecraft:furnace":4,"minecraft:oak_sapling":169,"minecraft:blue_shulker_box":21,"minecraft:potato":533,"minecraft:dragon_head":1,"minecraft:diorite":1,"minecraft:diamond_boots":3,"minecraft:end_stone_bricks":25,"minecraft:stone_pickaxe":119,"minecraft:oak_planks":27,"minecraft:ender_pearl":27,"minecraft:wooden_pickaxe":17,"minecraft:composter":1,"minecraft:diamond_axe":12791,"minecraft:sugar_cane":43,"minecraft:white_wool":1,"minecraft:cookie":144,"minecraft:golden_apple":2,"minecraft:sand":82,"minecraft:purpur_stairs":4,"minecraft:blast_furnace":1,"minecraft:black_bed":30,"minecraft:end_stone":649,"minecraft:birch_fence":77,"minecraft:polished_tuff":3,"minecraft:bread":84,"minecraft:lectern":846,"minecraft:gravel":136,"minecraft:diamond_sword":884,"minecraft:grindstone":1,"minecraft:smithing_table":5,"minecraft:birch_log":15,"minecraft:andesite":17,"minecraft:smooth_stone_slab":4,"minecraft:bone_meal":39,"minecraft:golden_pickaxe":12,"minecraft:experience_bottle":49,"minecraft:flint_and_steel":50,"minecraft:stone_shovel":527,"minecraft:spruce_planks":689,"minecraft:ender_chest":2,"minecraft:sandstone_wall":20,"minecraft:stone_hoe":27,"minecraft:netherrack":56,"minecraft:trial_key":8,"minecraft:light_gray_shulker_box":1,"minecraft:torch":130,"minecraft:dirt":3569,"minecraft:anvil":3,"minecraft:diamond_helmet":2,"minecraft:golden_shovel":32,"minecraft:bee_nest":1,"minecraft:iron_hoe":163,"minecraft:red_shulker_box":45,"minecraft:wooden_axe":1,"minecraft:iron_axe":1162,"minecraft:light_gray_wool":1,"minecraft:diamond_chestplate":1,"minecraft:glowstone":36,"minecraft:golden_carrot":69,"minecraft:podzol":30,"minecraft:cobbled_deepslate":8,"minecraft:wheat_seeds":32,"minecraft:cooked_mutton":31,"minecraft:water_bucket":269,"minecraft:cobblestone_stairs":1,"minecraft:birch_planks":17,"minecraft:baked_potato":69,"minecraft:birch_boat":8,"minecraft:cut_sandstone":806,"minecraft:fletching_table":12,"minecraft:mossy_cobblestone":1,"minecraft:crafting_table":11,"minecraft:birch_sign":6,"minecraft:white_bed":41,"minecraft:spruce_log":277,"minecraft:oak_log":24,"minecraft:ender_eye":39,"minecraft:diamond_pickaxe":2840,"minecraft:apple":23,"minecraft:diamond_shovel":9046,"minecraft:ominous_trial_key":3,"minecraft:wind_charge":5,"minecraft:iron_pickaxe":50,"minecraft:spruce_trapdoor":10,"minecraft:spruce_sapling":553,"minecraft:stone_axe":188,"minecraft:cobblestone":517,"minecraft:potion":1,"minecraft:cooked_porkchop":3,"minecraft:bucket":269,"minecraft:pumpkin_pie":48,"minecraft:yellow_bed":5,"minecraft:dandelion":4,"minecraft:diamond_leggings":4},"minecraft:broken":{"minecraft:iron_shovel":3,"minecraft:diamond_helmet":1,"minecraft:golden_shovel":1,"minecraft:stone_axe":1,"minecraft:stone_shovel":4,"minecraft:diamond_leggings":2,"minecraft:shield":1,"minecraft:iron_axe":2},"minecraft:dropped":{"minecraft:candle":4,"minecraft:iron_sword":1,"minecraft:birch_planks":2,"minecraft:diamond_axe":6,"minecraft:oak_pressure_plate":1,"minecraft:glass_bottle":3,"minecraft:crafting_table":1,"minecraft:crossbow":1,"minecraft:black_bed":1,"minecraft:purpur_stairs":4,"minecraft:emerald":287,"minecraft:cobblestone_stairs":8,"minecraft:red_mushroom":1,"minecraft:dirt":834,"minecraft:birch_fence":1,"minecraft:dark_oak_fence":7,"minecraft:cornflower":7,"minecraft:mutton":12,"minecraft:pumpkin_pie":1,"minecraft:bone_meal":4,"minecraft:sand":202,"minecraft:iron_pickaxe":3,"minecraft:dark_oak_planks":2,"minecraft:white_wool":2,"minecraft:bone":7,"minecraft:oak_door":4,"minecraft:stone_axe":13,"minecraft:sugar_cane":1,"minecraft:cooked_chicken":1,"minecraft:golden_chestplate":1,"minecraft:chiseled_tuff_bricks":2,"minecraft:cobbled_deepslate":64,"minecraft:birch_sapling":3,"minecraft:rotten_flesh":112,"minecraft:oak_planks":6,"minecraft:diamond_shovel":2,"minecraft:honey_bottle":1,"minecraft:azure_bluet":2,"minecraft:white_bed":1,"minecraft:chainmail_chestplate":8,"minecraft:poppy":73,"minecraft:tipped_arrow":48,"minecraft:gunpowder":2,"minecraft:spruce_slab":11,"minecraft:arrow":87,"minecraft:end_stone_bricks":14,"minecraft:podzol":9,"minecraft:netherrack":628,"minecraft:enchanted_book":2,"minecraft:stone_hoe":1,"minecraft:water_bucket":1,"minecraft:iron_ingot":31,"minecraft:bread":110,"minecraft:birch_leaves":12,"minecraft:wheat_seeds":124,"minecraft:mossy_cobblestone":3,"minecraft:cobblestone":154,"minecraft:poisonous_potato":8,"minecraft:oak_fence":15,"minecraft:iron_helmet":11,"minecraft:polished_tuff":1,"minecraft:granite":19,"minecraft:grass_block":505,"minecraft:coal":6,"minecraft:stick":13,"minecraft:oxeye_daisy":6,"minecraft:gray_wool":6,"minecraft:blue_dye":1,"minecraft:diorite":17,"minecraft:golden_carrot":22,"minecraft:wooden_axe":1,"minecraft:brown_wool":3,"minecraft:diamond_helmet":1,"minecraft:iron_leggings":1,"minecraft:oak_stairs":107,"minecraft:dead_bush":1,"minecraft:iron_axe":35,"minecraft:chainmail_leggings":12,"minecraft:string":51,"minecraft:bucket":1,"minecraft:spruce_sapling":8,"minecraft:dandelion":18,"minecraft:redstone":24,"minecraft:tuff_bricks":4,"minecraft:kelp":1,"minecraft:cobblestone_wall":5,"minecraft:raw_copper":5,"minecraft:smooth_stone_slab":28,"minecraft:diamond_hoe":13,"minecraft:stone_shovel":2,"minecraft:light_gray_wool":1,"minecraft:iron_boots":1,"minecraft:iron_hoe":1,"minecraft:stone_slab":4,"minecraft:suspicious_stew":12,"minecraft:diamond_sword":2,"minecraft:potato":478,"minecraft:flower_pot":2,"minecraft:diamond_chestplate":2,"minecraft:spruce_planks":4,"minecraft:diamond_pickaxe":1,"minecraft:iron_chestplate":1,"minecraft:andesite":3,"minecraft:oak_sapling":62,"minecraft:spider_eye":8,"minecraft:spruce_log":1,"minecraft:sandstone":7,"minecraft:bow":4,"minecraft:stone_pickaxe":13,"minecraft:wooden_pickaxe":1,"minecraft:black_wool":2,"minecraft:brick":176,"minecraft:guster_pottery_sherd":4},"minecraft:killed_by":{"minecraft:spider":1,"minecraft:iron_golem":1,"minecraft:ender_dragon":1},"minecraft:picked_up":{"minecraft:shulker_shell":23,"minecraft:wheat":28,"minecraft:flower_pot":2,"minecraft:light_gray_shulker_box":1,"minecraft:smithing_table":3,"minecraft:diamond_sword":5,"minecraft:oak_stairs":107,"minecraft:potion":2,"minecraft:enchanted_book":4,"minecraft:string":64,"minecraft:raw_copper":5,"minecraft:smooth_stone_slab":26,"minecraft:experience_bottle":2,"minecraft:diamond_leggings":7,"minecraft:gold_nugget":239,"minecraft:cobbled_deepslate":72,"minecraft:spruce_planks":162,"minecraft:trial_key":8,"minecraft:ender_eye":22,"minecraft:iron_pickaxe":2,"minecraft:enchanted_golden_apple":1,"minecraft:furnace":3,"minecraft:tipped_arrow":48,"minecraft:stick":728,"minecraft:oak_fence":15,"minecraft:torch":25,"minecraft:purpur_pillar":18,"minecraft:sandstone_wall":2,"minecraft:diorite":18,"minecraft:golden_chestplate":1,"minecraft:honey_bottle":3,"minecraft:rotten_flesh":118,"minecraft:end_rod":4,"minecraft:blaze_rod":17,"minecraft:obsidian":180,"minecraft:blaze_powder":32,"minecraft:cobblestone":795,"minecraft:birch_log":180,"minecraft:cooked_beef":4,"minecraft:water_bucket":6,"minecraft:andesite":20,"minecraft:black_bed":30,"minecraft:brown_wool":3,"minecraft:potato":1731,"minecraft:flint":24,"minecraft:dirt":4461,"minecraft:bone":68,"minecraft:bow":6,"minecraft:wheat_seeds":215,"minecraft:grindstone":1,"minecraft:bolt_armor_trim_smithing_template":3,"minecraft:diamond_helmet":3,"minecraft:fletching_table":6,"minecraft:glowstone_dust":113,"minecraft:scrape_pottery_sherd":2,"minecraft:oak_planks":163,"minecraft:cooked_porkchop":3,"minecraft:oak_pressure_plate":1,"minecraft:poisonous_potato":12,"minecraft:sand":3894,"minecraft:grass_block":2623,"minecraft:dead_bush":1,"minecraft:mossy_cobblestone":4,"minecraft:iron_hoe":1,"minecraft:diamond":16,"minecraft:spruce_boat":8,"minecraft:breeze_rod":23,"minecraft:crossbow":2,"minecraft:granite":19,"minecraft:bone_meal":2,"minecraft:golden_apple":1,"minecraft:emerald":140,"minecraft:bread":100,"minecraft:oak_sapling":235,"minecraft:netherrack":709,"minecraft:chorus_fruit":10,"minecraft:dark_oak_fence":7,"minecraft:ominous_trial_key":8,"minecraft:diamond_pickaxe":5,"minecraft:end_stone_bricks":43,"minecraft:crafting_table":7,"minecraft:bee_nest":1,"minecraft:azure_bluet":2,"minecraft:golden_pickaxe":2,"minecraft:gold_block":1,"minecraft:dragon_head":1,"minecraft:brick":224,"minecraft:shield":4,"minecraft:wind_charge":39,"minecraft:cornflower":8,"minecraft:flow_banner_pattern":1,"minecraft:elytra":1,"minecraft:iron_axe":7,"minecraft:flint_and_steel":2,"minecraft:birch_fence":30,"minecraft:candle":4,"minecraft:chest":26,"minecraft:iron_nugget":12,"minecraft:poppy":89,"minecraft:light_gray_wool":2,"minecraft:spruce_slab":5,"minecraft:lectern":839,"minecraft:guster_pottery_sherd":4,"minecraft:sugar_cane":85,"minecraft:blue_shulker_box":23,"minecraft:birch_sapling":21,"minecraft:raw_iron":55,"minecraft:sandstone":532,"minecraft:end_stone":649,"minecraft:oak_door":4,"minecraft:dark_oak_planks":2,"minecraft:stone_shovel":1,"minecraft:arrow":148,"minecraft:red_shulker_box":47,"minecraft:diamond_chestplate":8,"minecraft:pumpkin_pie":44,"minecraft:nether_bricks":1,"minecraft:shears":1,"minecraft:diamond_boots":5,"minecraft:hay_block":109,"minecraft:gold_ingot":3,"minecraft:glistering_melon_slice":20,"minecraft:tuff_bricks":14,"minecraft:white_shulker_box":40,"minecraft:mutton":62,"minecraft:white_wool":106,"minecraft:oxeye_daisy":7,"minecraft:stripped_oak_log":1,"minecraft:birch_leaves":12,"minecraft:golden_carrot":206,"minecraft:leather":5,"minecraft:cut_sandstone":54,"minecraft:red_mushroom":1,"minecraft:birch_planks":36,"minecraft:purpur_stairs":10,"minecraft:oak_log":1445,"minecraft:cobblestone_wall":5,"minecraft:yellow_bed":5,"minecraft:gunpowder":3,"minecraft:cobblestone_stairs":9,"minecraft:cooked_mutton":21,"minecraft:podzol":39,"minecraft:apple":90,"minecraft:kelp":1,"minecraft:iron_ingot":340,"minecraft:stone_pickaxe":5,"minecraft:cooked_chicken":1,"minecraft:iron_sword":3,"minecraft:book":107,"minecraft:emerald_block":42,"minecraft:birch_boat":7,"minecraft:quartz":150,"minecraft:dandelion":25,"minecraft:gravel":404,"minecraft:spruce_sapling":895,"minecraft:white_bed":29,"minecraft:spruce_log":10108,"minecraft:dragon_egg":1,"minecraft:spider_eye":8,"minecraft:polished_tuff":4,"minecraft:diamond_shovel":3,"minecraft:diamond_axe":13,"minecraft:birch_sign":2,"minecraft:gray_wool":12,"minecraft:baked_potato":57,"minecraft:black_wool":12,"minecraft:chiseled_tuff_bricks":2,"minecraft:coal":146,"minecraft:ender_pearl":27},"minecraft:killed":{"minecraft:cave_spider":8,"minecraft:zombified_piglin":1,"minecraft:spider":23,"minecraft:shulker":32,"minecraft:skeleton":69,"minecraft:silverfish":5,"minecraft:piglin":1,"minecraft:pig":1,"minecraft:zombie_villager":2,"minecraft:iron_golem":71,"minecraft:creeper":2,"minecraft:sheep":30,"minecraft:zombie":146,"minecraft:blaze":36,"minecraft:horse":7,"minecraft:drowned":2,"minecraft:breeze":14,"minecraft:enderman":39}},"DataVersion":3955}