{"stats":{"minecraft:picked_up":{"minecraft:seagrass":3,"minecraft:iron_chestplate":3,"minecraft:crafting_table":19,"minecraft:wheat":4,"minecraft:chicken":9,"minecraft:flower_pot":3,"minecraft:wooden_pickaxe":1,"minecraft:oak_stairs":1,"minecraft:shield":8,"minecraft:string":12,"minecraft:iron_axe":3,"minecraft:wooden_sword":1,"minecraft:flint_and_steel":3,"minecraft:iron_leggings":7,"minecraft:iron_shovel":2,"minecraft:birch_fence":8,"minecraft:beetroot":8,"minecraft:smooth_stone":1,"minecraft:cobbled_deepslate":30,"minecraft:bucket":1,"minecraft:beef":10,"minecraft:white_tulip":2,"minecraft:iron_pickaxe":7,"minecraft:poppy":26,"minecraft:light_gray_wool":1,"minecraft:chest":1,"minecraft:egg":1,"minecraft:iron_boots":7,"minecraft:furnace":19,"minecraft:stick":100,"minecraft:raw_iron":150,"minecraft:stone":40,"minecraft:composter":3,"minecraft:oak_fence":3,"minecraft:torch":185,"minecraft:porkchop":78,"minecraft:cherry_log":55,"minecraft:diorite":3,"minecraft:carrot":58,"minecraft:redstone":5,"minecraft:dark_oak_planks":195,"minecraft:rotten_flesh":35,"minecraft:stone_sword":6,"minecraft:arrow":21,"minecraft:stone_shovel":4,"minecraft:beetroot_seeds":21,"minecraft:hay_block":121,"minecraft:mutton":37,"minecraft:white_wool":12,"minecraft:cobblestone":802,"minecraft:birch_log":87,"minecraft:pink_petals":48,"minecraft:feather":16,"minecraft:cherry_planks":117,"minecraft:glow_ink_sac":2,"minecraft:water_bucket":3,"minecraft:andesite":2,"minecraft:leather":10,"minecraft:potato":70,"minecraft:birch_planks":185,"minecraft:flint":9,"minecraft:tuff":22,"minecraft:oak_log":253,"minecraft:yellow_bed":7,"minecraft:lapis_lazuli":29,"minecraft:dirt":1109,"minecraft:bone":15,"minecraft:apple":206,"minecraft:bow":2,"minecraft:stonecutter":2,"minecraft:wheat_seeds":27,"minecraft:raw_gold":15,"minecraft:iron_ingot":316,"minecraft:stone_pickaxe":8,"minecraft:fletching_table":3,"minecraft:iron_sword":3,"minecraft:oak_planks":504,"minecraft:cooked_porkchop":1,"minecraft:birch_boat":12,"minecraft:gravel":163,"minecraft:white_bed":16,"minecraft:dark_oak_log":41,"minecraft:spider_eye":12,"minecraft:diamond":13,"minecraft:stone_axe":3,"minecraft:granite":2,"minecraft:cherry_sapling":1,"minecraft:birch_sign":8,"minecraft:emerald":102,"minecraft:bread":588,"minecraft:oak_sapling":31,"minecraft:coal":237,"minecraft:dark_oak_fence":11},"minecraft:killed_by":{"minecraft:creeper":2,"minecraft:spider":2,"minecraft:iron_golem":5,"minecraft:skeleton":5,"minecraft:blaze":1,"minecraft:zombie":1},"minecraft:used":{"minecraft:oak_fence":1,"minecraft:stone_sword":136,"minecraft:iron_shovel":154,"minecraft:stone_shovel":529,"minecraft:poppy":3,"minecraft:chest":2,"minecraft:shield":101,"minecraft:iron_sword":104,"minecraft:iron_chestplate":2,"minecraft:torch":191,"minecraft:dirt":424,"minecraft:mutton":3,"minecraft:carrot":9,"minecraft:tuff":14,"minecraft:granite":2,"minecraft:wooden_axe":32,"minecraft:dark_oak_planks":14,"minecraft:iron_axe":300,"minecraft:iron_helmet":1,"minecraft:oak_sapling":1,"minecraft:furnace":4,"minecraft:beetroot_seeds":20,"minecraft:egg":1,"minecraft:potato":1,"minecraft:cobbled_deepslate":6,"minecraft:iron_leggings":1,"minecraft:water_bucket":9,"minecraft:stone_pickaxe":119,"minecraft:oak_planks":22,"minecraft:wooden_pickaxe":22,"minecraft:birch_boat":8,"minecraft:cherry_planks":6,"minecraft:composter":1,"minecraft:stonecutter":2,"minecraft:fletching_table":3,"minecraft:white_wool":2,"minecraft:blast_furnace":1,"minecraft:crafting_table":24,"minecraft:birch_sign":2,"minecraft:white_bed":9,"minecraft:birch_fence":38,"minecraft:apple":5,"minecraft:bread":58,"minecraft:iron_pickaxe":413,"minecraft:gravel":123,"minecraft:stone_axe":298,"minecraft:fire_charge":1,"minecraft:wooden_sword":30,"minecraft:cobblestone":107,"minecraft:porkchop":7,"minecraft:dark_oak_fence":10,"minecraft:cooked_porkchop":2,"minecraft:bucket":9,"minecraft:smithing_table":1,"minecraft:andesite":1,"minecraft:birch_log":1,"minecraft:yellow_bed":3,"minecraft:beetroot":3},"minecraft:mined":{"minecraft:dark_oak_planks":6,"minecraft:tuff":17,"minecraft:white_bed":9,"minecraft:dark_oak_leaves":1,"minecraft:deepslate_diamond_ore":13,"minecraft:cherry_log":57,"minecraft:dark_oak_log":41,"minecraft:granite":1,"minecraft:grass_block":136,"minecraft:composter":2,"minecraft:hay_block":63,"minecraft:carrots":13,"minecraft:furnace":2,"minecraft:iron_ore":38,"minecraft:fire":2,"minecraft:andesite":3,"minecraft:deepslate_lapis_ore":4,"minecraft:fletching_table":1,"minecraft:dirt_path":99,"minecraft:potted_dandelion":1,"minecraft:potatoes":1,"minecraft:deepslate_iron_ore":84,"minecraft:oak_stairs":1,"minecraft:stone":195,"minecraft:white_tulip":1,"minecraft:cherry_planks":2,"minecraft:dandelion":1,"minecraft:oak_fence":1,"minecraft:crafting_table":12,"minecraft:torch":17,"minecraft:short_grass":55,"minecraft:cobblestone":8,"minecraft:tall_grass":8,"minecraft:deepslate_gold_ore":15,"minecraft:oak_planks":10,"minecraft:sculk":1,"minecraft:diorite":4,"minecraft:wall_torch":3,"minecraft:pink_petals":20,"minecraft:birch_log":64,"minecraft:wheat":9,"minecraft:birch_leaves":4,"minecraft:yellow_bed":4,"minecraft:oak_log":226,"minecraft:coal_ore":127,"minecraft:beetroots":12,"minecraft:cherry_leaves":5,"minecraft:gravel":143,"minecraft:dirt":278,"minecraft:birch_sign":2,"minecraft:stonecutter":2,"minecraft:oak_leaves":57,"minecraft:birch_fence":5,"minecraft:deepslate":19},"minecraft:custom":{"minecraft:mob_kills":67,"minecraft:interact_with_crafting_table":94,"minecraft:bell_ring":5,"minecraft:leave_game":5,"minecraft:time_since_death":9375,"minecraft:sprint_one_cm":932462,"minecraft:walk_one_cm":1065789,"minecraft:damage_blocked_by_shield":3119,"minecraft:drop":173,"minecraft:talked_to_villager":42,"minecraft:play_time":433817,"minecraft:deaths":20,"minecraft:sneak_time":2319,"minecraft:walk_under_water_one_cm":39440,"minecraft:boat_one_cm":316860,"minecraft:jump":3789,"minecraft:walk_on_water_one_cm":42129,"minecraft:total_world_time":433817,"minecraft:interact_with_furnace":21,"minecraft:traded_with_villager":40,"minecraft:interact_with_stonecutter":1,"minecraft:sleep_in_bed":25,"minecraft:time_since_rest":9407,"minecraft:damage_taken":8657,"minecraft:damage_dealt":13948,"minecraft:swim_one_cm":59859,"minecraft:fly_one_cm":220089,"minecraft:open_chest":70,"minecraft:crouch_one_cm":6043,"minecraft:fall_one_cm":73696},"minecraft:dropped":{"minecraft:iron_ingot":29,"minecraft:water_bucket":1,"minecraft:wheat_seeds":1,"minecraft:oak_log":117,"minecraft:crafting_table":1,"minecraft:feather":4,"minecraft:cobblestone":28,"minecraft:coal":1,"minecraft:torch":1,"minecraft:seagrass":3,"minecraft:cherry_planks":29,"minecraft:wooden_sword":1,"minecraft:iron_pickaxe":1,"minecraft:stone_axe":1,"minecraft:stone_sword":2,"minecraft:cobbled_deepslate":1,"minecraft:beetroot":2,"minecraft:rotten_flesh":3,"minecraft:oak_planks":40,"minecraft:white_bed":1,"minecraft:carrot":33,"minecraft:potato":5,"minecraft:shield":2,"minecraft:oak_sapling":7,"minecraft:birch_sign":1,"minecraft:stone_pickaxe":3,"minecraft:wooden_pickaxe":1,"minecraft:bread":144},"minecraft:killed":{"minecraft:witch":1,"minecraft:spider":3,"minecraft:skeleton":5,"minecraft:chicken":3,"minecraft:turtle":2,"minecraft:pig":21,"minecraft:iron_golem":5,"minecraft:sheep":9,"minecraft:zombie":9,"minecraft:cow":3},"minecraft:crafted":{"minecraft:cherry_planks":216,"minecraft:wooden_sword":1,"minecraft:oak_planks":616,"minecraft:smooth_stone":3,"minecraft:stone_shovel":5,"minecraft:birch_boat":3,"minecraft:furnace":3,"minecraft:blast_furnace":1,"minecraft:stone":15,"minecraft:dark_oak_fence":9,"minecraft:iron_boots":2,"minecraft:iron_axe":3,"minecraft:stone_pickaxe":2,"minecraft:chest":1,"minecraft:dark_oak_planks":164,"minecraft:stone_hoe":1,"minecraft:birch_sign":3,"minecraft:wheat":738,"minecraft:emerald":40,"minecraft:cooked_porkchop":2,"minecraft:crafting_table":12,"minecraft:wooden_pickaxe":1,"minecraft:iron_helmet":1,"minecraft:iron_sword":2,"minecraft:smithing_table":1,"minecraft:fletching_table":4,"minecraft:birch_planks":136,"minecraft:bucket":1,"minecraft:stone_axe":2,"minecraft:bread":247,"minecraft:air":0,"minecraft:iron_chestplate":3,"minecraft:shield":4,"minecraft:birch_fence":33,"minecraft:stick":1460,"minecraft:iron_ingot":46,"minecraft:iron_pickaxe":3,"minecraft:wooden_axe":2,"minecraft:stone_sword":2,"minecraft:iron_shovel":1,"minecraft:iron_leggings":2,"minecraft:stonecutter":1,"minecraft:torch":348},"minecraft:broken":{"minecraft:stone_sword":1,"minecraft:stone_axe":2,"minecraft:wooden_axe":1,"minecraft:stone_shovel":1}},"DataVersion":3955}