{"stats":{"minecraft:crafted":{"minecraft:cherry_planks":224,"minecraft:wooden_sword":1,"minecraft:oak_planks":1364,"minecraft:smooth_stone":3,"minecraft:chainmail_helmet":12,"minecraft:stone_shovel":5,"minecraft:fishing_rod":1,"minecraft:diamond_hoe":1,"minecraft:birch_boat":3,"minecraft:furnace":3,"minecraft:blast_furnace":1,"minecraft:stone":15,"minecraft:dark_oak_fence":9,"minecraft:diamond_helmet":1,"minecraft:diamond_leggings":2,"minecraft:iron_boots":23,"minecraft:iron_axe":4,"minecraft:birch_fence_gate":1,"minecraft:stone_pickaxe":2,"minecraft:chest":5,"minecraft:diamond_boots":1,"minecraft:dark_oak_planks":164,"minecraft:stone_hoe":9,"minecraft:chainmail_leggings":12,"minecraft:birch_sign":3,"minecraft:wheat":738,"minecraft:emerald":85,"minecraft:cooked_porkchop":2,"minecraft:diamond_axe":1,"minecraft:crafting_table":12,"minecraft:wooden_pickaxe":1,"minecraft:iron_helmet":22,"minecraft:iron_sword":3,"minecraft:smithing_table":1,"minecraft:fletching_table":4,"minecraft:birch_planks":256,"minecraft:bucket":1,"minecraft:stone_axe":2,"minecraft:bread":247,"minecraft:air":0,"minecraft:iron_chestplate":3,"minecraft:shield":4,"minecraft:birch_fence":33,"minecraft:stick":2484,"minecraft:iron_ingot":46,"minecraft:iron_pickaxe":4,"minecraft:wooden_axe":2,"minecraft:stone_sword":2,"minecraft:iron_shovel":1,"minecraft:iron_leggings":2,"minecraft:stonecutter":1,"minecraft:torch":348,"minecraft:diamond_chestplate":1},"minecraft:mined":{"minecraft:dark_oak_planks":7,"minecraft:tuff":17,"minecraft:white_bed":13,"minecraft:dark_oak_leaves":1,"minecraft:deepslate_diamond_ore":13,"minecraft:cherry_log":59,"minecraft:dark_oak_log":41,"minecraft:granite":1,"minecraft:grass_block":139,"minecraft:composter":2,"minecraft:hay_block":63,"minecraft:furnace":2,"minecraft:carrots":15,"minecraft:iron_ore":38,"minecraft:fire":2,"minecraft:andesite":3,"minecraft:deepslate_lapis_ore":4,"minecraft:fletching_table":2,"minecraft:potatoes":1,"minecraft:potted_dandelion":1,"minecraft:deepslate_iron_ore":84,"minecraft:dirt_path":99,"minecraft:oak_stairs":1,"minecraft:stone":263,"minecraft:white_tulip":2,"minecraft:cherry_planks":2,"minecraft:lily_of_the_valley":1,"minecraft:dandelion":1,"minecraft:oak_fence":1,"minecraft:crafting_table":16,"minecraft:torch":17,"minecraft:short_grass":57,"minecraft:cobblestone":11,"minecraft:tall_grass":8,"minecraft:deepslate_gold_ore":15,"minecraft:oak_planks":18,"minecraft:sculk":1,"minecraft:diorite":4,"minecraft:wall_torch":3,"minecraft:pink_petals":20,"minecraft:birch_log":79,"minecraft:wheat":9,"minecraft:lilac":1,"minecraft:birch_leaves":4,"minecraft:yellow_bed":4,"minecraft:coal_ore":137,"minecraft:oak_log":414,"minecraft:beetroots":28,"minecraft:cherry_leaves":5,"minecraft:gravel":143,"minecraft:dirt":284,"minecraft:birch_sign":2,"minecraft:stonecutter":2,"minecraft:oak_leaves":94,"minecraft:deepslate":19,"minecraft:birch_fence":5},"minecraft:custom":{"minecraft:mob_kills":68,"minecraft:interact_with_crafting_table":108,"minecraft:bell_ring":5,"minecraft:leave_game":6,"minecraft:time_since_death":43830,"minecraft:sprint_one_cm":1104397,"minecraft:walk_one_cm":1250332,"minecraft:damage_blocked_by_shield":3119,"minecraft:drop":195,"minecraft:talked_to_villager":78,"minecraft:play_time":494808,"minecraft:deaths":22,"minecraft:sneak_time":3008,"minecraft:walk_under_water_one_cm":39944,"minecraft:boat_one_cm":316860,"minecraft:jump":4360,"minecraft:walk_on_water_one_cm":42723,"minecraft:total_world_time":494808,"minecraft:interact_with_furnace":21,"minecraft:traded_with_villager":166,"minecraft:interact_with_stonecutter":1,"minecraft:sleep_in_bed":27,"minecraft:time_since_rest":8195,"minecraft:damage_taken":9482,"minecraft:damage_dealt":13985,"minecraft:swim_one_cm":64232,"minecraft:fly_one_cm":256059,"minecraft:open_chest":103,"minecraft:crouch_one_cm":8570,"minecraft:fall_one_cm":82522},"minecraft:used":{"minecraft:beetroot":4,"minecraft:oak_fence":1,"minecraft:stone_sword":136,"minecraft:iron_shovel":154,"minecraft:white_tulip":1,"minecraft:stone_shovel":529,"minecraft:poppy":3,"minecraft:chest":6,"minecraft:shield":101,"minecraft:iron_sword":108,"minecraft:cooked_chicken":3,"minecraft:stone_hoe":8,"minecraft:iron_chestplate":2,"minecraft:torch":191,"minecraft:dirt":424,"minecraft:mutton":6,"minecraft:carrot":9,"minecraft:tuff":14,"minecraft:granite":2,"minecraft:wooden_axe":32,"minecraft:dark_oak_planks":14,"minecraft:iron_axe":552,"minecraft:iron_helmet":1,"minecraft:iron_boots":1,"minecraft:oak_sapling":21,"minecraft:furnace":4,"minecraft:beetroot_seeds":37,"minecraft:egg":1,"minecraft:potato":1,"minecraft:cobbled_deepslate":6,"minecraft:iron_leggings":2,"minecraft:water_bucket":9,"minecraft:birch_planks":1,"minecraft:stone_pickaxe":119,"minecraft:oak_planks":76,"minecraft:wooden_pickaxe":22,"minecraft:birch_boat":8,"minecraft:cherry_planks":6,"minecraft:composter":1,"minecraft:diamond_axe":2,"minecraft:stonecutter":2,"minecraft:fletching_table":3,"minecraft:white_wool":2,"minecraft:blast_furnace":1,"minecraft:crafting_table":26,"minecraft:birch_sign":2,"minecraft:white_bed":11,"minecraft:birch_fence":38,"minecraft:apple":5,"minecraft:birch_fence_gate":1,"minecraft:bread":60,"minecraft:iron_pickaxe":497,"minecraft:gravel":123,"minecraft:stone_axe":298,"minecraft:fire_charge":1,"minecraft:wooden_sword":30,"minecraft:cobblestone":111,"minecraft:porkchop":7,"minecraft:dark_oak_fence":10,"minecraft:cooked_porkchop":2,"minecraft:bucket":9,"minecraft:smithing_table":1,"minecraft:andesite":1,"minecraft:birch_log":2,"minecraft:yellow_bed":3},"minecraft:broken":{"minecraft:stone_sword":1,"minecraft:iron_axe":1,"minecraft:stone_axe":2,"minecraft:wooden_axe":1,"minecraft:stone_shovel":1},"minecraft:dropped":{"minecraft:water_bucket":1,"minecraft:wheat_seeds":1,"minecraft:oak_log":117,"minecraft:crafting_table":1,"minecraft:iron_helmet":1,"minecraft:feather":4,"minecraft:cobblestone":28,"minecraft:coal":10,"minecraft:torch":1,"minecraft:seagrass":3,"minecraft:cherry_planks":29,"minecraft:wooden_sword":1,"minecraft:iron_pickaxe":1,"minecraft:fishing_rod":1,"minecraft:stone_axe":1,"minecraft:stone_sword":2,"minecraft:cobbled_deepslate":1,"minecraft:beetroot":17,"minecraft:rotten_flesh":3,"minecraft:oak_planks":84,"minecraft:white_bed":2,"minecraft:carrot":33,"minecraft:potato":5,"minecraft:shield":2,"minecraft:oak_sapling":8,"minecraft:birch_sign":1,"minecraft:stone_pickaxe":3,"minecraft:wooden_pickaxe":1,"minecraft:bread":144,"minecraft:iron_ingot":48},"minecraft:killed_by":{"minecraft:creeper":3,"minecraft:spider":2,"minecraft:iron_golem":5,"minecraft:skeleton":6,"minecraft:blaze":1,"minecraft:zombie":1},"minecraft:picked_up":{"minecraft:seagrass":3,"minecraft:crafting_table":21,"minecraft:iron_chestplate":4,"minecraft:wheat":4,"minecraft:chicken":9,"minecraft:flower_pot":3,"minecraft:wooden_pickaxe":1,"minecraft:oak_stairs":1,"minecraft:shield":8,"minecraft:string":12,"minecraft:iron_axe":4,"minecraft:wooden_sword":1,"minecraft:flint_and_steel":4,"minecraft:iron_leggings":8,"minecraft:iron_shovel":2,"minecraft:birch_fence":8,"minecraft:beetroot":21,"minecraft:cobbled_deepslate":30,"minecraft:smooth_stone":1,"minecraft:bucket":1,"minecraft:beef":10,"minecraft:white_tulip":3,"minecraft:light_gray_wool":1,"minecraft:poppy":28,"minecraft:iron_pickaxe":8,"minecraft:chest":1,"minecraft:furnace":19,"minecraft:iron_boots":8,"minecraft:egg":1,"minecraft:stick":137,"minecraft:raw_iron":150,"minecraft:stone":40,"minecraft:oak_fence":3,"minecraft:composter":4,"minecraft:torch":185,"minecraft:porkchop":78,"minecraft:cherry_log":59,"minecraft:diorite":3,"minecraft:carrot":72,"minecraft:redstone":5,"minecraft:dark_oak_planks":195,"minecraft:stone_shovel":4,"minecraft:rotten_flesh":35,"minecraft:stone_sword":6,"minecraft:arrow":23,"minecraft:beetroot_seeds":84,"minecraft:hay_block":121,"minecraft:mutton":44,"minecraft:white_wool":12,"minecraft:cobblestone":941,"minecraft:birch_log":102,"minecraft:pink_petals":48,"minecraft:feather":16,"minecraft:lilac":1,"minecraft:golden_carrot":4,"minecraft:cherry_planks":160,"minecraft:glow_ink_sac":2,"minecraft:water_bucket":3,"minecraft:andesite":2,"minecraft:leather":10,"minecraft:potato":133,"minecraft:birch_planks":305,"minecraft:flint":9,"minecraft:tuff":22,"minecraft:oak_log":483,"minecraft:yellow_bed":7,"minecraft:lapis_lazuli":29,"minecraft:dirt":1141,"minecraft:bone":15,"minecraft:apple":214,"minecraft:cooked_chicken":6,"minecraft:stonecutter":2,"minecraft:bow":3,"minecraft:wheat_seeds":27,"minecraft:raw_gold":15,"minecraft:stone_pickaxe":8,"minecraft:iron_ingot":422,"minecraft:fletching_table":4,"minecraft:stone_hoe":1,"minecraft:oak_planks":509,"minecraft:iron_sword":4,"minecraft:cooked_porkchop":1,"minecraft:birch_boat":14,"minecraft:gravel":163,"minecraft:white_bed":20,"minecraft:lily_of_the_valley":1,"minecraft:dark_oak_log":41,"minecraft:spider_eye":12,"minecraft:diamond":13,"minecraft:stone_axe":3,"minecraft:granite":2,"minecraft:birch_sign":8,"minecraft:cherry_sapling":1,"minecraft:bread":592,"minecraft:emerald":393,"minecraft:oak_sapling":57,"minecraft:coal":410,"minecraft:dark_oak_fence":11,"minecraft:fishing_rod":1},"minecraft:killed":{"minecraft:witch":1,"minecraft:spider":3,"minecraft:skeleton":5,"minecraft:chicken":3,"minecraft:turtle":2,"minecraft:pig":21,"minecraft:iron_golem":6,"minecraft:sheep":9,"minecraft:zombie":9,"minecraft:cow":3}},"DataVersion":3955}