{"stats":{"minecraft:crafted":{"minecraft:cherry_planks":60,"minecraft:wooden_sword":1,"minecraft:oak_planks":312,"minecraft:stone_shovel":5,"minecraft:birch_boat":3,"minecraft:furnace":3,"minecraft:stone":11,"minecraft:dark_oak_fence":9,"minecraft:iron_boots":1,"minecraft:iron_axe":2,"minecraft:stone_pickaxe":2,"minecraft:chest":1,"minecraft:dark_oak_planks":164,"minecraft:birch_sign":3,"minecraft:wheat":630,"minecraft:emerald":14,"minecraft:cooked_porkchop":2,"minecraft:crafting_table":10,"minecraft:wooden_pickaxe":1,"minecraft:iron_helmet":1,"minecraft:iron_sword":2,"minecraft:fletching_table":4,"minecraft:bucket":1,"minecraft:birch_planks":136,"minecraft:stone_axe":2,"minecraft:bread":210,"minecraft:air":0,"minecraft:iron_chestplate":2,"minecraft:shield":4,"minecraft:birch_fence":33,"minecraft:stick":604,"minecraft:iron_ingot":46,"minecraft:iron_pickaxe":3,"minecraft:stone_sword":2,"minecraft:iron_shovel":1,"minecraft:iron_leggings":1,"minecraft:stonecutter":1,"minecraft:torch":348},"minecraft:mined":{"minecraft:dark_oak_planks":5,"minecraft:tuff":17,"minecraft:white_bed":9,"minecraft:dark_oak_leaves":1,"minecraft:deepslate_diamond_ore":13,"minecraft:cherry_log":16,"minecraft:dark_oak_log":41,"minecraft:granite":1,"minecraft:grass_block":124,"minecraft:composter":1,"minecraft:hay_block":63,"minecraft:carrots":11,"minecraft:furnace":1,"minecraft:iron_ore":38,"minecraft:fire":2,"minecraft:andesite":3,"minecraft:deepslate_lapis_ore":4,"minecraft:fletching_table":1,"minecraft:potatoes":1,"minecraft:potted_dandelion":1,"minecraft:deepslate_iron_ore":84,"minecraft:dirt_path":99,"minecraft:oak_stairs":1,"minecraft:stone":137,"minecraft:dandelion":1,"minecraft:oak_fence":1,"minecraft:crafting_table":12,"minecraft:torch":16,"minecraft:short_grass":43,"minecraft:tall_grass":8,"minecraft:deepslate_gold_ore":15,"minecraft:oak_planks":10,"minecraft:sculk":1,"minecraft:diorite":4,"minecraft:wall_torch":3,"minecraft:pink_petals":19,"minecraft:birch_log":35,"minecraft:wheat":8,"minecraft:birch_leaves":2,"minecraft:yellow_bed":2,"minecraft:coal_ore":127,"minecraft:oak_log":148,"minecraft:beetroots":5,"minecraft:gravel":142,"minecraft:cherry_leaves":1,"minecraft:dirt":249,"minecraft:birch_sign":2,"minecraft:stonecutter":1,"minecraft:oak_leaves":32,"minecraft:birch_fence":5,"minecraft:deepslate":19},"minecraft:custom":{"minecraft:mob_kills":41,"minecraft:interact_with_crafting_table":82,"minecraft:bell_ring":5,"minecraft:leave_game":2,"minecraft:time_since_death":26590,"minecraft:sprint_one_cm":669566,"minecraft:walk_one_cm":831958,"minecraft:damage_blocked_by_shield":3119,"minecraft:drop":61,"minecraft:talked_to_villager":23,"minecraft:play_time":343805,"minecraft:deaths":11,"minecraft:sneak_time":1312,"minecraft:walk_under_water_one_cm":35561,"minecraft:boat_one_cm":316860,"minecraft:jump":2811,"minecraft:walk_on_water_one_cm":38639,"minecraft:total_world_time":343805,"minecraft:interact_with_furnace":18,"minecraft:traded_with_villager":14,"minecraft:sleep_in_bed":18,"minecraft:time_since_rest":266,"minecraft:damage_taken":5528,"minecraft:damage_dealt":10261,"minecraft:swim_one_cm":54777,"minecraft:fly_one_cm":148257,"minecraft:open_chest":42,"minecraft:crouch_one_cm":1979,"minecraft:fall_one_cm":46345},"minecraft:used":{"minecraft:oak_fence":1,"minecraft:stone_sword":136,"minecraft:iron_shovel":144,"minecraft:stone_shovel":529,"minecraft:poppy":3,"minecraft:chest":2,"minecraft:shield":101,"minecraft:iron_sword":89,"minecraft:iron_chestplate":2,"minecraft:torch":191,"minecraft:dirt":310,"minecraft:carrot":2,"minecraft:tuff":14,"minecraft:granite":2,"minecraft:dark_oak_planks":14,"minecraft:iron_axe":119,"minecraft:iron_helmet":1,"minecraft:furnace":4,"minecraft:oak_sapling":1,"minecraft:beetroot_seeds":7,"minecraft:egg":1,"minecraft:cobbled_deepslate":6,"minecraft:water_bucket":9,"minecraft:stone_pickaxe":119,"minecraft:oak_planks":22,"minecraft:birch_boat":7,"minecraft:wooden_pickaxe":22,"minecraft:composter":1,"minecraft:stonecutter":2,"minecraft:fletching_table":3,"minecraft:crafting_table":22,"minecraft:birch_sign":2,"minecraft:white_bed":9,"minecraft:birch_fence":38,"minecraft:apple":1,"minecraft:bread":57,"minecraft:iron_pickaxe":338,"minecraft:gravel":123,"minecraft:stone_axe":298,"minecraft:fire_charge":1,"minecraft:wooden_sword":30,"minecraft:cobblestone":5,"minecraft:cooked_porkchop":2,"minecraft:dark_oak_fence":10,"minecraft:andesite":1,"minecraft:bucket":9,"minecraft:birch_log":1,"minecraft:yellow_bed":2},"minecraft:broken":{"minecraft:stone_sword":1,"minecraft:stone_axe":2,"minecraft:stone_shovel":1},"minecraft:dropped":{"minecraft:iron_ingot":29,"minecraft:water_bucket":1,"minecraft:bread":32,"minecraft:wheat_seeds":1,"minecraft:oak_log":117,"minecraft:crafting_table":1,"minecraft:feather":4,"minecraft:cobblestone":28,"minecraft:coal":1,"minecraft:torch":1,"minecraft:seagrass":3,"minecraft:cherry_planks":29,"minecraft:wooden_sword":1,"minecraft:iron_pickaxe":1,"minecraft:stone_axe":1,"minecraft:stone_sword":2,"minecraft:cobbled_deepslate":1,"minecraft:beetroot":2,"minecraft:rotten_flesh":3,"minecraft:oak_planks":40,"minecraft:white_bed":1,"minecraft:carrot":33,"minecraft:potato":5,"minecraft:shield":2,"minecraft:oak_sapling":7,"minecraft:birch_sign":1,"minecraft:wooden_pickaxe":1,"minecraft:stone_pickaxe":3},"minecraft:killed_by":{"minecraft:creeper":1,"minecraft:iron_golem":2,"minecraft:skeleton":4,"minecraft:blaze":1,"minecraft:zombie":1},"minecraft:picked_up":{"minecraft:seagrass":3,"minecraft:crafting_table":19,"minecraft:wheat":3,"minecraft:chicken":9,"minecraft:flower_pot":3,"minecraft:wooden_pickaxe":1,"minecraft:oak_stairs":1,"minecraft:shield":5,"minecraft:string":12,"minecraft:iron_axe":3,"minecraft:wooden_sword":1,"minecraft:flint_and_steel":3,"minecraft:iron_leggings":4,"minecraft:birch_fence":8,"minecraft:beetroot":2,"minecraft:cobbled_deepslate":27,"minecraft:bucket":1,"minecraft:light_gray_wool":1,"minecraft:poppy":16,"minecraft:iron_pickaxe":5,"minecraft:chest":1,"minecraft:egg":1,"minecraft:iron_boots":4,"minecraft:furnace":15,"minecraft:stick":63,"minecraft:raw_iron":129,"minecraft:stone":16,"minecraft:composter":1,"minecraft:oak_fence":3,"minecraft:torch":104,"minecraft:porkchop":23,"minecraft:cherry_log":15,"minecraft:diorite":3,"minecraft:carrot":51,"minecraft:redstone":5,"minecraft:dark_oak_planks":191,"minecraft:stone_shovel":4,"minecraft:rotten_flesh":18,"minecraft:stone_sword":6,"minecraft:arrow":19,"minecraft:beetroot_seeds":8,"minecraft:hay_block":85,"minecraft:mutton":24,"minecraft:cobblestone":577,"minecraft:white_wool":2,"minecraft:birch_log":57,"minecraft:pink_petals":45,"minecraft:feather":16,"minecraft:cherry_planks":54,"minecraft:glow_ink_sac":2,"minecraft:water_bucket":3,"minecraft:andesite":2,"minecraft:potato":6,"minecraft:birch_planks":143,"minecraft:flint":9,"minecraft:tuff":19,"minecraft:oak_log":177,"minecraft:yellow_bed":5,"minecraft:lapis_lazuli":29,"minecraft:dirt":1015,"minecraft:bone":15,"minecraft:apple":102,"minecraft:stonecutter":1,"minecraft:bow":2,"minecraft:wheat_seeds":23,"minecraft:raw_gold":15,"minecraft:stone_pickaxe":8,"minecraft:iron_ingot":150,"minecraft:fletching_table":1,"minecraft:oak_planks":366,"minecraft:cooked_porkchop":1,"minecraft:birch_boat":9,"minecraft:gravel":138,"minecraft:white_bed":13,"minecraft:dark_oak_log":41,"minecraft:spider_eye":11,"minecraft:diamond":13,"minecraft:stone_axe":3,"minecraft:granite":2,"minecraft:birch_sign":2,"minecraft:bread":549,"minecraft:emerald":85,"minecraft:oak_sapling":14,"minecraft:coal":203,"minecraft:dark_oak_fence":11},"minecraft:killed":{"minecraft:witch":1,"minecraft:spider":3,"minecraft:skeleton":5,"minecraft:chicken":3,"minecraft:turtle":2,"minecraft:pig":6,"minecraft:iron_golem":4,"minecraft:sheep":3,"minecraft:zombie":9}},"DataVersion":3955}