{"stats":{"minecraft:crafted":{"minecraft:cherry_planks":20,"minecraft:wooden_sword":1,"minecraft:oak_planks":192,"minecraft:stone_shovel":5,"minecraft:birch_boat":3,"minecraft:furnace":2,"minecraft:dark_oak_fence":9,"minecraft:iron_boots":1,"minecraft:iron_axe":2,"minecraft:stone_pickaxe":2,"minecraft:chest":1,"minecraft:dark_oak_planks":164,"minecraft:wheat":540,"minecraft:emerald":14,"minecraft:cooked_porkchop":2,"minecraft:crafting_table":8,"minecraft:wooden_pickaxe":1,"minecraft:iron_helmet":1,"minecraft:iron_sword":1,"minecraft:bucket":1,"minecraft:birch_planks":116,"minecraft:stone_axe":1,"minecraft:bread":180,"minecraft:air":0,"minecraft:iron_chestplate":1,"minecraft:shield":2,"minecraft:birch_fence":33,"minecraft:stick":588,"minecraft:iron_ingot":38,"minecraft:iron_pickaxe":2,"minecraft:stone_sword":1,"minecraft:iron_leggings":1,"minecraft:torch":292},"minecraft:mined":{"minecraft:dark_oak_planks":4,"minecraft:tuff":17,"minecraft:white_bed":8,"minecraft:dark_oak_leaves":1,"minecraft:deepslate_diamond_ore":13,"minecraft:cherry_log":5,"minecraft:dark_oak_log":41,"minecraft:granite":1,"minecraft:grass_block":123,"minecraft:composter":1,"minecraft:hay_block":39,"minecraft:carrots":11,"minecraft:furnace":1,"minecraft:iron_ore":31,"minecraft:fire":2,"minecraft:andesite":3,"minecraft:deepslate_lapis_ore":4,"minecraft:fletching_table":1,"minecraft:potatoes":1,"minecraft:potted_dandelion":1,"minecraft:deepslate_iron_ore":79,"minecraft:dirt_path":98,"minecraft:oak_stairs":1,"minecraft:stone":120,"minecraft:dandelion":1,"minecraft:oak_fence":1,"minecraft:crafting_table":10,"minecraft:torch":16,"minecraft:short_grass":39,"minecraft:tall_grass":6,"minecraft:deepslate_gold_ore":15,"minecraft:oak_planks":10,"minecraft:sculk":1,"minecraft:diorite":4,"minecraft:wall_torch":3,"minecraft:pink_petals":19,"minecraft:birch_log":30,"minecraft:wheat":8,"minecraft:birch_leaves":2,"minecraft:yellow_bed":2,"minecraft:coal_ore":102,"minecraft:oak_log":118,"minecraft:beetroots":5,"minecraft:dirt":248,"minecraft:oak_leaves":23,"minecraft:birch_fence":5,"minecraft:deepslate":18},"minecraft:custom":{"minecraft:mob_kills":39,"minecraft:interact_with_crafting_table":52,"minecraft:bell_ring":5,"minecraft:leave_game":2,"minecraft:time_since_death":711,"minecraft:sprint_one_cm":586201,"minecraft:walk_one_cm":705813,"minecraft:damage_blocked_by_shield":2952,"minecraft:drop":41,"minecraft:talked_to_villager":21,"minecraft:play_time":289805,"minecraft:deaths":9,"minecraft:sneak_time":979,"minecraft:walk_under_water_one_cm":17323,"minecraft:boat_one_cm":316860,"minecraft:jump":2328,"minecraft:walk_on_water_one_cm":28564,"minecraft:total_world_time":289805,"minecraft:interact_with_furnace":9,"minecraft:traded_with_villager":14,"minecraft:sleep_in_bed":15,"minecraft:time_since_rest":753,"minecraft:damage_taken":4602,"minecraft:damage_dealt":9795,"minecraft:swim_one_cm":14861,"minecraft:fly_one_cm":121774,"minecraft:open_chest":39,"minecraft:crouch_one_cm":1273,"minecraft:fall_one_cm":32088},"minecraft:used":{"minecraft:oak_fence":1,"minecraft:stone_sword":132,"minecraft:stone_shovel":529,"minecraft:poppy":3,"minecraft:chest":2,"minecraft:shield":100,"minecraft:iron_sword":85,"minecraft:iron_chestplate":1,"minecraft:torch":161,"minecraft:dirt":271,"minecraft:carrot":2,"minecraft:tuff":12,"minecraft:granite":2,"minecraft:dark_oak_planks":13,"minecraft:iron_axe":119,"minecraft:iron_helmet":1,"minecraft:furnace":2,"minecraft:oak_sapling":1,"minecraft:beetroot_seeds":7,"minecraft:egg":1,"minecraft:cobbled_deepslate":6,"minecraft:water_bucket":9,"minecraft:stone_pickaxe":68,"minecraft:oak_planks":22,"minecraft:birch_boat":7,"minecraft:wooden_pickaxe":22,"minecraft:composter":1,"minecraft:fletching_table":1,"minecraft:crafting_table":19,"minecraft:white_bed":9,"minecraft:birch_fence":38,"minecraft:bread":50,"minecraft:iron_pickaxe":333,"minecraft:stone_axe":233,"minecraft:fire_charge":1,"minecraft:wooden_sword":30,"minecraft:cobblestone":5,"minecraft:cooked_porkchop":2,"minecraft:dark_oak_fence":10,"minecraft:andesite":1,"minecraft:bucket":9,"minecraft:birch_log":1,"minecraft:yellow_bed":2},"minecraft:broken":{"minecraft:stone_sword":1,"minecraft:stone_axe":2,"minecraft:stone_shovel":1},"minecraft:dropped":{"minecraft:water_bucket":1,"minecraft:wheat_seeds":1,"minecraft:oak_log":117,"minecraft:feather":4,"minecraft:coal":1,"minecraft:torch":1,"minecraft:seagrass":3,"minecraft:wooden_sword":1,"minecraft:iron_pickaxe":1,"minecraft:beetroot":2,"minecraft:carrot":33,"minecraft:potato":5,"minecraft:oak_sapling":2,"minecraft:wooden_pickaxe":1,"minecraft:stone_pickaxe":1},"minecraft:killed_by":{"minecraft:creeper":1,"minecraft:iron_golem":2,"minecraft:skeleton":3,"minecraft:blaze":1,"minecraft:zombie":1},"minecraft:picked_up":{"minecraft:seagrass":3,"minecraft:crafting_table":16,"minecraft:wheat":3,"minecraft:chicken":9,"minecraft:flower_pot":3,"minecraft:wooden_pickaxe":1,"minecraft:oak_stairs":1,"minecraft:shield":3,"minecraft:string":12,"minecraft:iron_axe":3,"minecraft:wooden_sword":1,"minecraft:flint_and_steel":3,"minecraft:iron_leggings":2,"minecraft:birch_fence":8,"minecraft:beetroot":2,"minecraft:cobbled_deepslate":24,"minecraft:bucket":1,"minecraft:light_gray_wool":1,"minecraft:poppy":16,"minecraft:iron_pickaxe":5,"minecraft:chest":1,"minecraft:egg":1,"minecraft:iron_boots":2,"minecraft:furnace":12,"minecraft:stick":44,"minecraft:raw_iron":108,"minecraft:composter":1,"minecraft:oak_fence":3,"minecraft:torch":58,"minecraft:porkchop":23,"minecraft:cherry_log":5,"minecraft:diorite":3,"minecraft:carrot":51,"minecraft:redstone":5,"minecraft:dark_oak_planks":189,"minecraft:stone_shovel":4,"minecraft:rotten_flesh":10,"minecraft:stone_sword":4,"minecraft:arrow":19,"minecraft:beetroot_seeds":8,"minecraft:hay_block":63,"minecraft:mutton":24,"minecraft:cobblestone":451,"minecraft:white_wool":2,"minecraft:birch_log":42,"minecraft:pink_petals":45,"minecraft:feather":16,"minecraft:glow_ink_sac":2,"minecraft:water_bucket":3,"minecraft:andesite":2,"minecraft:potato":6,"minecraft:birch_planks":143,"minecraft:flint":1,"minecraft:tuff":16,"minecraft:oak_log":117,"minecraft:yellow_bed":5,"minecraft:lapis_lazuli":29,"minecraft:dirt":765,"minecraft:bone":15,"minecraft:apple":34,"minecraft:bow":2,"minecraft:wheat_seeds":23,"minecraft:raw_gold":15,"minecraft:stone_pickaxe":5,"minecraft:iron_ingot":49,"minecraft:fletching_table":1,"minecraft:oak_planks":262,"minecraft:cooked_porkchop":1,"minecraft:birch_boat":7,"minecraft:gravel":7,"minecraft:white_bed":11,"minecraft:dark_oak_log":41,"minecraft:spider_eye":11,"minecraft:diamond":13,"minecraft:stone_axe":1,"minecraft:granite":2,"minecraft:bread":422,"minecraft:emerald":51,"minecraft:oak_sapling":3,"minecraft:coal":153,"minecraft:dark_oak_fence":11},"minecraft:killed":{"minecraft:witch":1,"minecraft:spider":3,"minecraft:skeleton":5,"minecraft:chicken":3,"minecraft:turtle":2,"minecraft:pig":6,"minecraft:iron_golem":4,"minecraft:sheep":3,"minecraft:zombie":7}},"DataVersion":3955}