{"stats":{"minecraft:crafted":{"minecraft:smooth_stone":3,"minecraft:chainmail_helmet":12,"minecraft:blaze_powder":4,"minecraft:lever":15,"minecraft:diamond_shovel":12,"minecraft:bookshelf":51,"minecraft:cooked_mutton":6,"minecraft:glass":146,"minecraft:diamond_helmet":4,"minecraft:diamond_leggings":9,"minecraft:name_tag":4,"minecraft:glass_bottle":18,"minecraft:emerald":7158,"minecraft:cooked_porkchop":5,"minecraft:diamond_axe":12,"minecraft:spruce_door":3,"minecraft:smithing_table":1,"minecraft:fletching_table":9,"minecraft:lectern":7,"minecraft:compass":1,"minecraft:iron_pickaxe":1,"minecraft:iron_block":35,"minecraft:gold_ingot":13,"minecraft:packed_ice":6,"minecraft:golden_carrot":120,"minecraft:stone_shovel":11,"minecraft:experience_bottle":52,"minecraft:diamond_hoe":3,"minecraft:bone_meal":24,"minecraft:spruce_fence":228,"minecraft:lantern":12,"minecraft:spruce_slab":30,"minecraft:ender_pearl":12,"minecraft:stone_pickaxe":24,"minecraft:diamond_boots":8,"minecraft:spruce_boat":4,"minecraft:dark_oak_planks":260,"minecraft:chainmail_leggings":24,"minecraft:wheat":351,"minecraft:enchanting_table":1,"minecraft:dark_oak_button":2,"minecraft:glowstone":82,"minecraft:enchanted_book":55,"minecraft:flint":140,"minecraft:fermented_spider_eye":2,"minecraft:iron_shovel":4,"minecraft:iron_leggings":24,"minecraft:white_bed":15,"minecraft:oak_planks":352,"minecraft:dark_oak_boat":1,"minecraft:stone":389,"minecraft:suspicious_stew":24,"minecraft:dark_oak_door":3,"minecraft:hopper":9,"minecraft:stone_brick_slab":960,"minecraft:bow":14,"minecraft:chest":77,"minecraft:stone_hoe":1,"minecraft:stone_bricks":912,"minecraft:arrow":208,"minecraft:map":72,"minecraft:crafting_table":8,"minecraft:spruce_planks":5472,"minecraft:wooden_pickaxe":1,"minecraft:iron_helmet":14,"minecraft:chainmail_chestplate":12,"minecraft:dispenser":10,"minecraft:spruce_trapdoor":244,"minecraft:dark_oak_slab":24,"minecraft:iron_chestplate":12,"minecraft:book":10,"minecraft:paper":33,"minecraft:diamond_pickaxe":3,"minecraft:charcoal":192,"minecraft:emerald_block":113,"minecraft:shield":1,"minecraft:stick":6792,"minecraft:iron_ingot":1029,"minecraft:shears":1,"minecraft:cookie":424,"minecraft:redstone":192,"minecraft:coal":576,"minecraft:stone_brick_wall":6,"minecraft:spruce_button":768,"minecraft:furnace":4,"minecraft:blast_furnace":1,"minecraft:piston":16,"minecraft:dark_oak_sign":3,"minecraft:flint_and_steel":3,"minecraft:blue_ice":6,"minecraft:iron_axe":39,"minecraft:observer":6,"minecraft:cooked_beef":8,"minecraft:sugar":2,"minecraft:diamond_sword":2,"minecraft:spruce_sign":15,"minecraft:iron_sword":9,"minecraft:bell":23,"minecraft:bucket":15,"minecraft:stone_axe":2,"minecraft:air":0,"minecraft:bread":254,"minecraft:oak_boat":1,"minecraft:pumpkin_pie":84,"minecraft:torch":156,"minecraft:lapis_lazuli":60,"minecraft:diamond_chestplate":3},"minecraft:mined":{"minecraft:dark_oak_planks":5,"minecraft:white_bed":112,"minecraft:stone_brick_wall":10,"minecraft:deepslate_bricks":12,"minecraft:chiseled_tuff_bricks":2,"minecraft:hopper":2,"minecraft:spawner":1,"minecraft:tall_seagrass":5,"minecraft:dark_oak_trapdoor":37,"minecraft:fire":9,"minecraft:pumpkin":7,"minecraft:fletching_table":22,"minecraft:enchanting_table":1,"minecraft:water_cauldron":4,"minecraft:dirt_path":720,"minecraft:oak_stairs":51,"minecraft:brown_mushroom":22,"minecraft:kelp_plant":1,"minecraft:torch":32,"minecraft:blast_furnace":1,"minecraft:glass":23,"minecraft:sugar_cane":12,"minecraft:light_gray_stained_glass":9,"minecraft:wheat":11,"minecraft:waxed_copper_block":4,"minecraft:black_bed":2,"minecraft:oak_fence_gate":6,"minecraft:dark_oak_sapling":8,"minecraft:red_mushroom_block":2,"minecraft:deepslate":82,"minecraft:mossy_cobblestone":49,"minecraft:dark_oak_log":64,"minecraft:end_stone":24,"minecraft:nether_bricks":7,"minecraft:spruce_fence":25,"minecraft:cartography_table":1,"minecraft:andesite":2,"minecraft:potatoes":35,"minecraft:smithing_table":3,"minecraft:glass_pane":21,"minecraft:soul_sand":37,"minecraft:observer":12,"minecraft:stone_brick_slab":33,"minecraft:dandelion":5,"minecraft:cornflower":1,"minecraft:short_grass":135,"minecraft:tall_grass":10,"minecraft:deepslate_gold_ore":13,"minecraft:cobblestone_wall":3,"minecraft:dark_oak_wall_sign":6,"minecraft:spruce_log":1503,"minecraft:birch_leaves":3,"minecraft:gravel":370,"minecraft:oak_button":1,"minecraft:stone_bricks":30,"minecraft:spruce_planks":5,"minecraft:farmland":2,"minecraft:cobblestone_stairs":10,"minecraft:brewing_stand":3,"minecraft:spruce_trapdoor":13,"minecraft:grass_block":2990,"minecraft:composter":2,"minecraft:tuff_bricks":13,"minecraft:smooth_stone":1,"minecraft:glowstone":2,"minecraft:iron_ore":7,"minecraft:polished_tuff":2,"minecraft:anvil":1,"minecraft:iron_bars":2,"minecraft:azalea_leaves":1,"minecraft:blackstone":63,"minecraft:clay":1,"minecraft:poppy":1,"minecraft:chest":15,"minecraft:nether_quartz_ore":6,"minecraft:cobblestone":441,"minecraft:oak_planks":76,"minecraft:wall_torch":6,"minecraft:seagrass":8,"minecraft:dark_oak_door":4,"minecraft:waxed_oxidized_cut_copper_stairs":1,"minecraft:birch_log":4,"minecraft:blue_ice":1,"minecraft:smooth_stone_slab":112,"minecraft:oak_log":83,"minecraft:waxed_oxidized_copper":5,"minecraft:sand":373,"minecraft:dirt":3860,"minecraft:netherrack":2862,"minecraft:oak_leaves":5,"minecraft:dark_oak_leaves":20,"minecraft:deepslate_diamond_ore":14,"minecraft:oak_door":3,"minecraft:lever":2,"minecraft:spruce_leaves":244,"minecraft:sandstone":20,"minecraft:hay_block":38,"minecraft:oak_trapdoor":12,"minecraft:spruce_sapling":5,"minecraft:furnace":7,"minecraft:carrots":14,"minecraft:bell":3,"minecraft:nether_brick_fence":2,"minecraft:bookshelf":79,"minecraft:stripped_oak_log":3,"minecraft:packed_ice":1,"minecraft:stone":3370,"minecraft:podzol":47,"minecraft:basalt":410,"minecraft:spruce_door":3,"minecraft:oak_fence":50,"minecraft:crafting_table":10,"minecraft:lectern":566,"minecraft:waxed_oxidized_copper_grate":2,"minecraft:yellow_bed":20,"minecraft:coal_ore":159},"minecraft:custom":{"minecraft:interact_with_crafting_table":120,"minecraft:open_barrel":1,"minecraft:bell_ring":3,"minecraft:leave_game":49,"minecraft:time_since_death":794550,"minecraft:damage_blocked_by_shield":3408,"minecraft:play_time":1843882,"minecraft:deaths":11,"minecraft:jump":13933,"minecraft:enchant_item":8,"minecraft:interact_with_furnace":88,"minecraft:traded_with_villager":1331,"minecraft:sleep_in_bed":90,"minecraft:damage_dealt":72369,"minecraft:inspect_dispenser":30,"minecraft:horse_one_cm":2109,"minecraft:interact_with_smithing_table":2,"minecraft:interact_with_anvil":30,"minecraft:inspect_hopper":4,"minecraft:sneak_time":179692,"minecraft:interact_with_blast_furnace":1,"minecraft:total_world_time":1843882,"minecraft:time_since_rest":74020,"minecraft:swim_one_cm":202635,"minecraft:fly_one_cm":4316149,"minecraft:open_chest":716,"minecraft:fall_one_cm":312422,"minecraft:animals_bred":7,"minecraft:open_shulker_box":3,"minecraft:damage_resisted":141,"minecraft:sprint_one_cm":2354222,"minecraft:drop":862,"minecraft:talked_to_villager":1262,"minecraft:interact_with_brewingstand":10,"minecraft:walk_on_water_one_cm":257734,"minecraft:open_enderchest":2,"minecraft:player_kills":3,"minecraft:crouch_one_cm":417342,"minecraft:mob_kills":347,"minecraft:climb_one_cm":9521,"minecraft:walk_one_cm":5084773,"minecraft:walk_under_water_one_cm":146319,"minecraft:boat_one_cm":387163,"minecraft:interact_with_grindstone":18,"minecraft:damage_taken":20521,"minecraft:damage_absorbed":232},"minecraft:used":{"minecraft:dispenser":22,"minecraft:polished_blackstone":2,"minecraft:ladder":7,"minecraft:poppy":1,"minecraft:chest":70,"minecraft:stone":3853,"minecraft:soul_sand":4,"minecraft:deepslate_brick_slab":158,"minecraft:spruce_boat":4,"minecraft:packed_ice":1,"minecraft:lava_bucket":26,"minecraft:villager_spawn_egg":94,"minecraft:grass_block":6,"minecraft:bow":85,"minecraft:dark_oak_boat":1,"minecraft:ominous_bottle":2,"minecraft:furnace":8,"minecraft:potato":43,"minecraft:spruce_door":4,"minecraft:blackstone":3,"minecraft:wooden_pickaxe":37,"minecraft:composter":2,"minecraft:golden_apple":2,"minecraft:dark_oak_trapdoor":146,"minecraft:sand":15,"minecraft:blast_furnace":2,"minecraft:blue_ice":1,"minecraft:lectern":587,"minecraft:chiseled_tuff_bricks":2,"minecraft:diamond_sword":419,"minecraft:smithing_table":5,"minecraft:oak_boat":4,"minecraft:enchanting_table":2,"minecraft:trial_key":10,"minecraft:netherrack":769,"minecraft:torch":281,"minecraft:brewing_stand":5,"minecraft:anvil":3,"minecraft:stone_stairs":30,"minecraft:iron_axe":1502,"minecraft:spruce_button":810,"minecraft:polished_deepslate_wall":36,"minecraft:smooth_basalt":3,"minecraft:diamond_chestplate":2,"minecraft:basalt":179,"minecraft:glowstone":42,"minecraft:cobbled_deepslate":2,"minecraft:observer":34,"minecraft:wheat_seeds":4,"minecraft:water_bucket":351,"minecraft:cartography_table":8,"minecraft:sheep_spawn_egg":11,"minecraft:fletching_table":42,"minecraft:glow_ink_sac":1,"minecraft:spruce_fence_gate":16,"minecraft:deepslate_bricks":407,"minecraft:comparator":1,"minecraft:crafting_table":16,"minecraft:white_bed":128,"minecraft:spruce_log":67,"minecraft:oak_log":4,"minecraft:diamond_pickaxe":7365,"minecraft:ominous_trial_key":3,"minecraft:diamond_shovel":8186,"minecraft:oak_button":1,"minecraft:iron_pickaxe":16,"minecraft:spruce_trapdoor":1538,"minecraft:spruce_sapling":105,"minecraft:cobblestone":65,"minecraft:cooked_porkchop":3,"minecraft:candle":4,"minecraft:diamond_leggings":2,"minecraft:polished_deepslate":4,"minecraft:shield":89,"minecraft:iron_sword":132,"minecraft:zombie_spawn_egg":6,"minecraft:bell":3,"minecraft:carrot":12,"minecraft:tuff":2,"minecraft:obsidian":33,"minecraft:glass":736,"minecraft:waxed_oxidized_copper":2,"minecraft:waxed_oxidized_copper_grate":1,"minecraft:coal_ore":65,"minecraft:lantern":18,"minecraft:stone_bricks":464,"minecraft:bedrock":8,"minecraft:repeater":24,"minecraft:redstone_lamp":36,"minecraft:hay_block":1,"minecraft:dark_oak_sapling":16,"minecraft:diamond_boots":1,"minecraft:dark_oak_sign":24,"minecraft:stone_pickaxe":432,"minecraft:oak_planks":20,"minecraft:ender_pearl":1,"minecraft:diamond_axe":1920,"minecraft:crossbow":12,"minecraft:sponge":5,"minecraft:black_bed":3,"minecraft:stone_brick_wall":28,"minecraft:end_stone":1,"minecraft:redstone_torch":33,"minecraft:sticky_piston":51,"minecraft:lever":43,"minecraft:dark_oak_log":44,"minecraft:bread":116,"minecraft:deepslate":142,"minecraft:grindstone":1,"minecraft:waxed_oxidized_cut_copper_stairs":1,"minecraft:andesite":1,"minecraft:smooth_stone_slab":310,"minecraft:bone_meal":70,"minecraft:experience_bottle":52,"minecraft:trident":101,"minecraft:flint_and_steel":168,"minecraft:stone_shovel":90,"minecraft:redstone":33,"minecraft:spruce_planks":7,"minecraft:stone_hoe":60,"minecraft:oak_door":1,"minecraft:dirt":1829,"minecraft:white_carpet":25,"minecraft:hopper":48,"minecraft:diamond_helmet":1,"minecraft:spruce_fence":154,"minecraft:stone_brick_slab":649,"minecraft:dark_oak_planks":7,"minecraft:bookshelf":44,"minecraft:golden_carrot":73,"minecraft:cooked_beef":10,"minecraft:enchanted_golden_apple":1,"minecraft:iron_leggings":1,"minecraft:cooked_mutton":12,"minecraft:iron_ore":1,"minecraft:glass_bottle":6,"minecraft:baked_potato":3,"minecraft:spruce_sign":9,"minecraft:white_dye":20,"minecraft:waxed_copper_block":2,"minecraft:dark_oak_door":4,"minecraft:piston":28,"minecraft:stone_axe":175,"minecraft:bucket":293,"minecraft:yellow_bed":16,"minecraft:splash_potion":13},"minecraft:broken":{"minecraft:diamond_helmet":1,"minecraft:iron_sword":1,"minecraft:iron_axe":7,"minecraft:stone_pickaxe":2,"minecraft:diamond_boots":1,"minecraft:stone_axe":1,"minecraft:flint_and_steel":3,"minecraft:diamond_axe":1},"minecraft:dropped":{"minecraft:iron_sword":8,"minecraft:oak_pressure_plate":1,"minecraft:glass_bottle":2,"minecraft:diamond":117,"minecraft:dark_oak_slab":12,"minecraft:crossbow":2,"minecraft:cookie":424,"minecraft:dark_oak_button":2,"minecraft:emerald":740,"minecraft:dirt":317,"minecraft:birch_fence":2,"minecraft:dark_oak_fence":2,"minecraft:dark_oak_trapdoor":21,"minecraft:bone_meal":64,"minecraft:sand":2,"minecraft:iron_pickaxe":1,"minecraft:dark_oak_planks":13,"minecraft:dark_oak_boat":1,"minecraft:bone":9,"minecraft:oak_door":8,"minecraft:dark_oak_door":3,"minecraft:compass":2,"minecraft:emerald_block":704,"minecraft:lever":65,"minecraft:iron_nugget":6,"minecraft:cooked_chicken":2,"minecraft:wheat":200,"minecraft:rotten_flesh":121,"minecraft:oak_planks":13,"minecraft:glowstone_dust":4,"minecraft:azure_bluet":1,"minecraft:white_bed":3,"minecraft:tipped_arrow":41,"minecraft:spruce_slab":4,"minecraft:glass":261,"minecraft:cartography_table":1,"minecraft:enchanted_book":2,"minecraft:iron_ingot":786,"minecraft:wheat_seeds":82,"minecraft:oak_fence":49,"minecraft:iron_helmet":18,"minecraft:feather":4,"minecraft:cobblestone":174,"minecraft:spruce_door":3,"minecraft:chainmail_helmet":12,"minecraft:coal":337,"minecraft:oxeye_daisy":1,"minecraft:gray_wool":2,"minecraft:sponge":1,"minecraft:oak_stairs":39,"minecraft:chainmail_leggings":22,"minecraft:iron_shovel":5,"minecraft:string":3,"minecraft:spruce_sapling":8,"minecraft:stone_brick_slab":390,"minecraft:furnace":4,"minecraft:stone_sword":1,"minecraft:cobblestone_wall":5,"minecraft:deepslate":264,"minecraft:sticky_piston":64,"minecraft:diamond_hoe":3,"minecraft:stone_shovel":11,"minecraft:white_carpet":103,"minecraft:clay_ball":8,"minecraft:spruce_fence":35,"minecraft:suspicious_stew":24,"minecraft:diamond_sword":1,"minecraft:cobblestone_slab":2,"minecraft:potato":103,"minecraft:spruce_boat":1,"minecraft:stone":450,"minecraft:flower_pot":3,"minecraft:spruce_trapdoor":3050,"minecraft:spruce_planks":26,"minecraft:diamond_pickaxe":1,"minecraft:yellow_bed":3,"minecraft:spider_eye":2,"minecraft:stone_bricks":10,"minecraft:bow":8,"minecraft:bell":24,"minecraft:birch_planks":18,"minecraft:diamond_axe":14,"minecraft:oak_log":3,"minecraft:lantern":12,"minecraft:flint":2,"minecraft:cobblestone_stairs":35,"minecraft:redstone_lamp":64,"minecraft:cornflower":3,"minecraft:mutton":2,"minecraft:pumpkin_pie":96,"minecraft:gravel":17,"minecraft:chiseled_tuff_bricks":2,"minecraft:diamond_shovel":5,"minecraft:honey_bottle":1,"minecraft:carrot":6,"minecraft:chainmail_chestplate":12,"minecraft:poppy":780,"minecraft:oak_fence_gate":6,"minecraft:leather_chestplate":1,"minecraft:trident":2,"minecraft:gunpowder":1,"minecraft:chest":7,"minecraft:iron_bars":3,"minecraft:arrow":294,"minecraft:splash_potion":12,"minecraft:water_bucket":12,"minecraft:stone_hoe":1,"minecraft:bread":217,"minecraft:mossy_cobblestone":86,"minecraft:diamond_leggings":4,"minecraft:poisonous_potato":1,"minecraft:golden_axe":1,"minecraft:copper_ingot":1,"minecraft:grass_block":3,"minecraft:stick":518,"minecraft:iron_block":64,"minecraft:torch":130,"minecraft:repeater":1,"minecraft:map":74,"minecraft:fire_charge":2,"minecraft:iron_leggings":36,"minecraft:iron_axe":35,"minecraft:dandelion":22,"minecraft:anvil":1,"minecraft:tuff_bricks":6,"minecraft:oak_trapdoor":30,"minecraft:guster_banner_pattern":1,"minecraft:composter":1,"minecraft:comparator":1,"minecraft:flint_and_steel":1,"minecraft:deepslate_bricks":320,"minecraft:filled_map":4,"minecraft:shield":3,"minecraft:trial_key":1,"minecraft:diamond_chestplate":1,"minecraft:iron_chestplate":14,"minecraft:oak_sapling":2,"minecraft:golden_sword":1,"minecraft:diamond_boots":5,"minecraft:spruce_log":19,"minecraft:stone_pickaxe":24,"minecraft:wooden_pickaxe":2,"minecraft:nautilus_shell":2},"minecraft:killed_by":{"minecraft:ender_dragon":1,"minecraft:ghast":1,"minecraft:creeper":1,"minecraft:player":1},"minecraft:picked_up":{"minecraft:iron_chestplate":3,"minecraft:anvil":2,"minecraft:flower_pot":3,"minecraft:smithing_table":3,"minecraft:lead":4,"minecraft:diamond_sword":10,"minecraft:oak_stairs":39,"minecraft:enchanted_book":12,"minecraft:brewing_stand":3,"minecraft:golden_sword":1,"minecraft:string":23,"minecraft:dark_oak_trapdoor":40,"minecraft:diamond_leggings":10,"minecraft:cobbled_deepslate":78,"minecraft:spruce_planks":30,"minecraft:trial_key":13,"minecraft:enchanted_golden_apple":1,"minecraft:dark_oak_door":4,"minecraft:composter":2,"minecraft:golden_axe":1,"minecraft:cauldron":4,"minecraft:stone_sword":1,"minecraft:honey_bottle":5,"minecraft:iron_block":64,"minecraft:glowstone":33,"minecraft:iron_bars":3,"minecraft:feather":4,"minecraft:cooked_beef":9,"minecraft:water_bucket":21,"minecraft:dark_oak_boat":1,"minecraft:brown_wool":1,"minecraft:flint":86,"minecraft:map":2,"minecraft:dark_oak_sign":15,"minecraft:guster_banner_pattern":2,"minecraft:diamond_helmet":10,"minecraft:glowstone_dust":4,"minecraft:ink_sac":1,"minecraft:dark_oak_log":64,"minecraft:deepslate":264,"minecraft:lever":81,"minecraft:blue_ice":18,"minecraft:bread":129,"minecraft:music_disc_precipice":4,"minecraft:dark_oak_fence":2,"minecraft:ominous_trial_key":3,"minecraft:diamond_pickaxe":8,"minecraft:crafting_table":9,"minecraft:ominous_bottle":3,"minecraft:clay_ball":8,"minecraft:redstone_lamp":64,"minecraft:wind_charge":23,"minecraft:cornflower":4,"minecraft:flint_and_steel":2,"minecraft:compass":1,"minecraft:iron_shovel":1,"minecraft:cartography_table":1,"minecraft:beef":8,"minecraft:poppy":60,"minecraft:iron_nugget":11,"minecraft:chest":25,"minecraft:piston":18,"minecraft:waxed_oxidized_copper":2,"minecraft:stone":3887,"minecraft:oak_door":9,"minecraft:spruce_fence":25,"minecraft:fire_charge":2,"minecraft:white_dye":23,"minecraft:carrot":29,"minecraft:diamond_chestplate":11,"minecraft:stone_shovel":2,"minecraft:diamond_boots":9,"minecraft:deepslate_bricks":332,"minecraft:waxed_oxidized_cut_copper_stairs":1,"minecraft:hay_block":40,"minecraft:tuff_bricks":6,"minecraft:mutton":24,"minecraft:white_wool":58,"minecraft:oxeye_daisy":1,"minecraft:stripped_oak_log":2,"minecraft:clock":1,"minecraft:filled_map":3,"minecraft:oak_log":93,"minecraft:paper":9,"minecraft:stone_bricks":243,"minecraft:kelp":2,"minecraft:oak_fence_gate":6,"minecraft:stone_pickaxe":4,"minecraft:iron_ore":6,"minecraft:glass_bottle":2,"minecraft:gravel":189,"minecraft:spruce_sapling":128,"minecraft:spruce_log":1562,"minecraft:diamond_shovel":6,"minecraft:coal_ore":79,"minecraft:diamond_axe":12,"minecraft:gray_wool":2,"minecraft:oak_button":1,"minecraft:baked_potato":10,"minecraft:hopper":10,"minecraft:ender_pearl":4,"minecraft:wheat":192,"minecraft:nether_brick_fence":6,"minecraft:smooth_stone_slab":301,"minecraft:iron_leggings":13,"minecraft:sticky_piston":64,"minecraft:smooth_stone":1,"minecraft:bucket":2,"minecraft:redstone_torch":1,"minecraft:cobblestone_slab":2,"minecraft:iron_pickaxe":1,"minecraft:furnace":10,"minecraft:tipped_arrow":66,"minecraft:stick":919,"minecraft:oak_fence":49,"minecraft:torch":463,"minecraft:porkchop":5,"minecraft:rotten_flesh":157,"minecraft:obsidian":134,"minecraft:cobblestone":1055,"minecraft:nautilus_shell":2,"minecraft:enchanting_table":1,"minecraft:leather_chestplate":1,"minecraft:cherry_planks":16,"minecraft:andesite":1,"minecraft:black_bed":3,"minecraft:potato":88,"minecraft:lapis_lazuli":18,"minecraft:dirt":5740,"minecraft:name_tag":4,"minecraft:glass":283,"minecraft:bone":63,"minecraft:bow":10,"minecraft:wheat_seeds":92,"minecraft:raw_gold":13,"minecraft:bell":4,"minecraft:fletching_table":22,"minecraft:stone_hoe":3,"minecraft:oak_planks":130,"minecraft:poisonous_potato":1,"minecraft:oak_pressure_plate":1,"minecraft:sand":354,"minecraft:grass_block":8,"minecraft:mossy_cobblestone":86,"minecraft:diamond":92,"minecraft:spruce_boat":5,"minecraft:waxed_oxidized_copper_grate":1,"minecraft:breeze_rod":3,"minecraft:crossbow":7,"minecraft:bone_meal":64,"minecraft:golden_apple":17,"minecraft:spruce_sign":15,"minecraft:emerald":365,"minecraft:oak_sapling":2,"minecraft:netherrack":2879,"minecraft:charcoal":80,"minecraft:azure_bluet":1,"minecraft:splash_potion":12,"minecraft:brown_mushroom":21,"minecraft:wooden_pickaxe":1,"minecraft:stone_brick_wall":10,"minecraft:shield":11,"minecraft:oak_trapdoor":30,"minecraft:iron_axe":6,"minecraft:birch_fence":2,"minecraft:blackstone":75,"minecraft:candle":4,"minecraft:oak_boat":3,"minecraft:observer":12,"minecraft:lectern":564,"minecraft:sugar_cane":41,"minecraft:spruce_trapdoor":1868,"minecraft:dark_oak_sapling":16,"minecraft:raw_iron":2,"minecraft:end_stone":22,"minecraft:copper_ingot":4,"minecraft:trident":12,"minecraft:dark_oak_planks":5,"minecraft:arrow":239,"minecraft:pumpkin_pie":12,"minecraft:nether_bricks":18,"minecraft:saddle":1,"minecraft:glistering_melon_slice":12,"minecraft:basalt":681,"minecraft:golden_carrot":325,"minecraft:leather":17,"minecraft:birch_planks":18,"minecraft:waxed_copper_block":2,"minecraft:cobblestone_stairs":35,"minecraft:cobblestone_wall":5,"minecraft:yellow_bed":27,"minecraft:gunpowder":22,"minecraft:cooked_mutton":6,"minecraft:iron_ingot":509,"minecraft:cooked_chicken":2,"minecraft:soul_sand":41,"minecraft:book":315,"minecraft:emerald_block":812,"minecraft:pumpkin":7,"minecraft:stone_brick_slab":120,"minecraft:dandelion":24,"minecraft:quartz":18,"minecraft:blast_furnace":1,"minecraft:white_bed":112,"minecraft:spruce_door":4,"minecraft:spider_eye":6,"minecraft:iron_helmet":3,"minecraft:black_wool":1,"minecraft:coal":167,"minecraft:chiseled_tuff_bricks":6},"minecraft:killed":{"minecraft:skeleton":39,"minecraft:cat":1,"minecraft:iron_golem":19,"minecraft:ender_dragon":1,"minecraft:zombie":113,"minecraft:cow":4,"minecraft:wandering_trader":2,"minecraft:breeze":4,"minecraft:enderman":2,"minecraft:zombified_piglin":1,"minecraft:spider":13,"minecraft:silverfish":13,"minecraft:pig":2,"minecraft:zombie_villager":10,"minecraft:creeper":5,"minecraft:sheep":14,"minecraft:trader_llama":2,"minecraft:blaze":5,"minecraft:armadillo":1,"minecraft:drowned":21,"minecraft:wither_skeleton":1,"minecraft:villager":57}},"DataVersion":3955}