{"stats":{"minecraft:crafted":{"minecraft:oak_planks":352,"minecraft:smooth_stone":3,"minecraft:chainmail_helmet":12,"minecraft:dark_oak_boat":1,"minecraft:blaze_powder":4,"minecraft:stone":389,"minecraft:lever":15,"minecraft:diamond_shovel":12,"minecraft:bookshelf":51,"minecraft:cooked_mutton":6,"minecraft:suspicious_stew":24,"minecraft:glass":18,"minecraft:dark_oak_door":3,"minecraft:diamond_helmet":4,"minecraft:bow":4,"minecraft:diamond_leggings":9,"minecraft:chest":14,"minecraft:stone_hoe":1,"minecraft:stone_bricks":256,"minecraft:glass_bottle":18,"minecraft:arrow":16,"minecraft:emerald":6886,"minecraft:cooked_porkchop":5,"minecraft:diamond_axe":12,"minecraft:map":72,"minecraft:crafting_table":7,"minecraft:spruce_planks":3612,"minecraft:wooden_pickaxe":1,"minecraft:iron_helmet":14,"minecraft:chainmail_chestplate":12,"minecraft:spruce_door":3,"minecraft:smithing_table":1,"minecraft:fletching_table":9,"minecraft:iron_chestplate":12,"minecraft:spruce_trapdoor":10,"minecraft:lectern":7,"minecraft:emerald_block":98,"minecraft:dark_oak_slab":24,"minecraft:charcoal":192,"minecraft:book":10,"minecraft:paper":33,"minecraft:diamond_pickaxe":3,"minecraft:shield":1,"minecraft:stick":6792,"minecraft:iron_ingot":640,"minecraft:compass":1,"minecraft:iron_pickaxe":1,"minecraft:gold_ingot":13,"minecraft:shears":1,"minecraft:packed_ice":6,"minecraft:golden_carrot":120,"minecraft:cookie":424,"minecraft:redstone":96,"minecraft:stone_shovel":11,"minecraft:coal":576,"minecraft:stone_brick_wall":6,"minecraft:diamond_hoe":3,"minecraft:experience_bottle":52,"minecraft:furnace":4,"minecraft:blast_furnace":1,"minecraft:piston":16,"minecraft:dark_oak_sign":3,"minecraft:bone_meal":24,"minecraft:spruce_fence":228,"minecraft:flint_and_steel":3,"minecraft:lantern":12,"minecraft:blue_ice":6,"minecraft:iron_axe":39,"minecraft:spruce_slab":30,"minecraft:ender_pearl":12,"minecraft:stone_pickaxe":24,"minecraft:diamond_boots":8,"minecraft:spruce_boat":4,"minecraft:dark_oak_planks":104,"minecraft:chainmail_leggings":24,"minecraft:wheat":351,"minecraft:cooked_beef":8,"minecraft:sugar":2,"minecraft:diamond_sword":2,"minecraft:enchanting_table":1,"minecraft:iron_sword":9,"minecraft:bell":23,"minecraft:bucket":5,"minecraft:stone_axe":2,"minecraft:glowstone":82,"minecraft:enchanted_book":55,"minecraft:bread":254,"minecraft:air":0,"minecraft:oak_boat":1,"minecraft:flint":140,"minecraft:fermented_spider_eye":2,"minecraft:iron_shovel":4,"minecraft:iron_leggings":24,"minecraft:white_bed":15,"minecraft:pumpkin_pie":84,"minecraft:torch":96,"minecraft:lapis_lazuli":60,"minecraft:diamond_chestplate":3},"minecraft:mined":{"minecraft:dark_oak_planks":5,"minecraft:spruce_planks":5,"minecraft:white_bed":109,"minecraft:farmland":2,"minecraft:cobblestone_stairs":10,"minecraft:brewing_stand":3,"minecraft:spruce_trapdoor":2,"minecraft:grass_block":1621,"minecraft:stone_brick_wall":10,"minecraft:deepslate_bricks":12,"minecraft:chiseled_tuff_bricks":2,"minecraft:composter":2,"minecraft:tuff_bricks":13,"minecraft:spawner":1,"minecraft:smooth_stone":1,"minecraft:tall_seagrass":5,"minecraft:glowstone":2,"minecraft:dark_oak_trapdoor":37,"minecraft:fire":9,"minecraft:polished_tuff":2,"minecraft:pumpkin":7,"minecraft:anvil":1,"minecraft:fletching_table":22,"minecraft:enchanting_table":1,"minecraft:water_cauldron":4,"minecraft:dirt_path":429,"minecraft:oak_stairs":51,"minecraft:iron_bars":2,"minecraft:azalea_leaves":1,"minecraft:brown_mushroom":22,"minecraft:blackstone":63,"minecraft:kelp_plant":1,"minecraft:torch":8,"minecraft:blast_furnace":1,"minecraft:poppy":1,"minecraft:chest":6,"minecraft:nether_quartz_ore":6,"minecraft:cobblestone":441,"minecraft:sugar_cane":12,"minecraft:oak_planks":55,"minecraft:wall_torch":2,"minecraft:seagrass":7,"minecraft:dark_oak_door":4,"minecraft:light_gray_stained_glass":9,"minecraft:wheat":11,"minecraft:waxed_oxidized_cut_copper_stairs":1,"minecraft:blue_ice":1,"minecraft:waxed_copper_block":4,"minecraft:black_bed":2,"minecraft:smooth_stone_slab":15,"minecraft:oak_log":83,"minecraft:oak_fence_gate":3,"minecraft:waxed_oxidized_copper":5,"minecraft:dark_oak_sapling":8,"minecraft:sand":71,"minecraft:dirt":978,"minecraft:netherrack":2862,"minecraft:red_mushroom_block":2,"minecraft:oak_leaves":3,"minecraft:deepslate":78,"minecraft:mossy_cobblestone":49,"minecraft:dark_oak_leaves":20,"minecraft:deepslate_diamond_ore":14,"minecraft:oak_door":3,"minecraft:dark_oak_log":64,"minecraft:end_stone":24,"minecraft:lever":2,"minecraft:nether_bricks":7,"minecraft:spruce_fence":24,"minecraft:spruce_leaves":244,"minecraft:cartography_table":1,"minecraft:sandstone":20,"minecraft:hay_block":38,"minecraft:oak_trapdoor":4,"minecraft:spruce_sapling":5,"minecraft:furnace":7,"minecraft:carrots":14,"minecraft:bell":3,"minecraft:nether_brick_fence":2,"minecraft:bookshelf":79,"minecraft:potatoes":35,"minecraft:stripped_oak_log":3,"minecraft:packed_ice":1,"minecraft:stone":84,"minecraft:podzol":43,"minecraft:smithing_table":3,"minecraft:glass_pane":21,"minecraft:basalt":410,"minecraft:spruce_door":3,"minecraft:dandelion":4,"minecraft:oak_fence":35,"minecraft:crafting_table":10,"minecraft:cornflower":1,"minecraft:short_grass":112,"minecraft:lectern":565,"minecraft:tall_grass":9,"minecraft:deepslate_gold_ore":13,"minecraft:cobblestone_wall":3,"minecraft:dark_oak_wall_sign":6,"minecraft:waxed_oxidized_copper_grate":2,"minecraft:spruce_log":1413,"minecraft:birch_leaves":1,"minecraft:yellow_bed":20,"minecraft:coal_ore":7,"minecraft:gravel":209,"minecraft:oak_button":1,"minecraft:stone_bricks":24},"minecraft:custom":{"minecraft:animals_bred":7,"minecraft:interact_with_crafting_table":97,"minecraft:open_barrel":1,"minecraft:open_shulker_box":3,"minecraft:bell_ring":3,"minecraft:leave_game":41,"minecraft:time_since_death":211028,"minecraft:damage_resisted":141,"minecraft:sprint_one_cm":2053136,"minecraft:damage_blocked_by_shield":3408,"minecraft:drop":678,"minecraft:talked_to_villager":1248,"minecraft:play_time":1260360,"minecraft:deaths":11,"minecraft:jump":11586,"minecraft:interact_with_brewingstand":9,"minecraft:walk_on_water_one_cm":186017,"minecraft:enchant_item":8,"minecraft:interact_with_furnace":73,"minecraft:traded_with_villager":1257,"minecraft:sleep_in_bed":65,"minecraft:open_enderchest":2,"minecraft:damage_dealt":65441,"minecraft:player_kills":3,"minecraft:crouch_one_cm":44395,"minecraft:horse_one_cm":2109,"minecraft:interact_with_smithing_table":2,"minecraft:mob_kills":317,"minecraft:interact_with_anvil":29,"minecraft:climb_one_cm":9505,"minecraft:walk_one_cm":4139218,"minecraft:sneak_time":21936,"minecraft:walk_under_water_one_cm":95952,"minecraft:boat_one_cm":387163,"minecraft:interact_with_blast_furnace":1,"minecraft:total_world_time":1260360,"minecraft:interact_with_grindstone":17,"minecraft:time_since_rest":3113,"minecraft:damage_taken":19714,"minecraft:damage_absorbed":232,"minecraft:swim_one_cm":138629,"minecraft:fly_one_cm":3509140,"minecraft:open_chest":521,"minecraft:fall_one_cm":282114},"minecraft:used":{"minecraft:polished_deepslate":4,"minecraft:polished_blackstone":2,"minecraft:poppy":1,"minecraft:ladder":7,"minecraft:chest":19,"minecraft:shield":89,"minecraft:stone":153,"minecraft:iron_sword":132,"minecraft:zombie_spawn_egg":4,"minecraft:bell":3,"minecraft:carrot":12,"minecraft:deepslate_brick_slab":158,"minecraft:tuff":2,"minecraft:obsidian":33,"minecraft:spruce_boat":4,"minecraft:waxed_oxidized_copper":2,"minecraft:packed_ice":1,"minecraft:waxed_oxidized_copper_grate":1,"minecraft:lava_bucket":22,"minecraft:villager_spawn_egg":76,"minecraft:lantern":18,"minecraft:grass_block":6,"minecraft:stone_bricks":350,"minecraft:bedrock":8,"minecraft:redstone_lamp":36,"minecraft:bow":85,"minecraft:dark_oak_boat":1,"minecraft:hay_block":1,"minecraft:ominous_bottle":2,"minecraft:furnace":8,"minecraft:potato":43,"minecraft:dark_oak_sapling":16,"minecraft:diamond_boots":1,"minecraft:spruce_door":4,"minecraft:stone_pickaxe":432,"minecraft:dark_oak_sign":24,"minecraft:blackstone":3,"minecraft:ender_pearl":1,"minecraft:wooden_pickaxe":37,"minecraft:composter":2,"minecraft:diamond_axe":1701,"minecraft:golden_apple":2,"minecraft:dark_oak_trapdoor":146,"minecraft:sand":15,"minecraft:blast_furnace":2,"minecraft:blue_ice":1,"minecraft:crossbow":12,"minecraft:stone_brick_wall":28,"minecraft:black_bed":3,"minecraft:end_stone":1,"minecraft:redstone_torch":33,"minecraft:sticky_piston":51,"minecraft:lever":42,"minecraft:dark_oak_log":44,"minecraft:bread":116,"minecraft:lectern":586,"minecraft:deepslate":142,"minecraft:chiseled_tuff_bricks":2,"minecraft:diamond_sword":389,"minecraft:grindstone":1,"minecraft:waxed_oxidized_cut_copper_stairs":1,"minecraft:smithing_table":5,"minecraft:oak_boat":4,"minecraft:bone_meal":70,"minecraft:experience_bottle":52,"minecraft:trident":101,"minecraft:enchanting_table":2,"minecraft:flint_and_steel":168,"minecraft:stone_shovel":90,"minecraft:redstone":29,"minecraft:spruce_planks":7,"minecraft:stone_hoe":60,"minecraft:netherrack":769,"minecraft:trial_key":10,"minecraft:oak_door":1,"minecraft:torch":81,"minecraft:brewing_stand":5,"minecraft:dirt":785,"minecraft:anvil":3,"minecraft:diamond_helmet":1,"minecraft:spruce_fence":153,"minecraft:dark_oak_planks":7,"minecraft:bookshelf":44,"minecraft:iron_axe":1502,"minecraft:polished_deepslate_wall":36,"minecraft:smooth_basalt":3,"minecraft:diamond_chestplate":2,"minecraft:basalt":179,"minecraft:glowstone":42,"minecraft:golden_carrot":56,"minecraft:cooked_beef":10,"minecraft:cobbled_deepslate":2,"minecraft:enchanted_golden_apple":1,"minecraft:iron_leggings":1,"minecraft:wheat_seeds":4,"minecraft:cooked_mutton":12,"minecraft:water_bucket":193,"minecraft:glass_bottle":6,"minecraft:baked_potato":3,"minecraft:cartography_table":8,"minecraft:white_dye":20,"minecraft:glow_ink_sac":1,"minecraft:fletching_table":42,"minecraft:deepslate_bricks":407,"minecraft:waxed_copper_block":2,"minecraft:crafting_table":15,"minecraft:white_bed":109,"minecraft:spruce_log":66,"minecraft:dark_oak_door":4,"minecraft:oak_log":4,"minecraft:piston":28,"minecraft:diamond_pickaxe":3738,"minecraft:diamond_shovel":3211,"minecraft:ominous_trial_key":3,"minecraft:oak_button":1,"minecraft:iron_pickaxe":16,"minecraft:spruce_trapdoor":174,"minecraft:spruce_sapling":105,"minecraft:stone_axe":175,"minecraft:cobblestone":65,"minecraft:cooked_porkchop":3,"minecraft:bucket":213,"minecraft:yellow_bed":16,"minecraft:splash_potion":11,"minecraft:diamond_leggings":2,"minecraft:candle":4},"minecraft:broken":{"minecraft:diamond_helmet":1,"minecraft:stone_pickaxe":2,"minecraft:diamond_boots":1,"minecraft:stone_axe":1,"minecraft:iron_sword":1,"minecraft:flint_and_steel":3,"minecraft:diamond_axe":1,"minecraft:iron_axe":7},"minecraft:dropped":{"minecraft:iron_sword":8,"minecraft:birch_planks":18,"minecraft:diamond_axe":13,"minecraft:oak_pressure_plate":1,"minecraft:oak_log":3,"minecraft:diamond":117,"minecraft:glass_bottle":2,"minecraft:dark_oak_slab":12,"minecraft:crossbow":2,"minecraft:cookie":424,"minecraft:lantern":12,"minecraft:emerald":669,"minecraft:cobblestone_stairs":35,"minecraft:dirt":232,"minecraft:redstone_lamp":64,"minecraft:birch_fence":2,"minecraft:dark_oak_fence":2,"minecraft:cornflower":1,"minecraft:mutton":2,"minecraft:dark_oak_trapdoor":21,"minecraft:sand":2,"minecraft:pumpkin_pie":96,"minecraft:bone_meal":64,"minecraft:iron_pickaxe":1,"minecraft:dark_oak_planks":13,"minecraft:dark_oak_boat":1,"minecraft:bone":9,"minecraft:oak_door":8,"minecraft:gravel":17,"minecraft:dark_oak_door":3,"minecraft:compass":2,"minecraft:emerald_block":704,"minecraft:lever":64,"minecraft:cooked_chicken":2,"minecraft:iron_nugget":6,"minecraft:chiseled_tuff_bricks":2,"minecraft:wheat":200,"minecraft:rotten_flesh":110,"minecraft:oak_planks":12,"minecraft:diamond_shovel":5,"minecraft:glowstone_dust":4,"minecraft:honey_bottle":1,"minecraft:azure_bluet":1,"minecraft:white_bed":3,"minecraft:carrot":6,"minecraft:chainmail_chestplate":12,"minecraft:poppy":11,"minecraft:oak_fence_gate":3,"minecraft:leather_chestplate":1,"minecraft:tipped_arrow":41,"minecraft:trident":2,"minecraft:gunpowder":1,"minecraft:chest":4,"minecraft:iron_bars":3,"minecraft:spruce_slab":4,"minecraft:arrow":36,"minecraft:cartography_table":1,"minecraft:splash_potion":12,"minecraft:enchanted_book":1,"minecraft:stone_hoe":1,"minecraft:water_bucket":1,"minecraft:iron_ingot":658,"minecraft:bread":177,"minecraft:wheat_seeds":40,"minecraft:mossy_cobblestone":86,"minecraft:feather":4,"minecraft:diamond_leggings":4,"minecraft:poisonous_potato":1,"minecraft:cobblestone":167,"minecraft:oak_fence":34,"minecraft:golden_axe":1,"minecraft:iron_helmet":18,"minecraft:copper_ingot":1,"minecraft:spruce_door":3,"minecraft:grass_block":3,"minecraft:chainmail_helmet":12,"minecraft:coal":337,"minecraft:stick":518,"minecraft:oxeye_daisy":1,"minecraft:iron_block":64,"minecraft:gray_wool":2,"minecraft:torch":2,"minecraft:map":74,"minecraft:fire_charge":2,"minecraft:iron_leggings":36,"minecraft:oak_stairs":39,"minecraft:iron_axe":35,"minecraft:iron_shovel":4,"minecraft:chainmail_leggings":22,"minecraft:string":3,"minecraft:spruce_sapling":8,"minecraft:dandelion":14,"minecraft:anvil":1,"minecraft:furnace":4,"minecraft:tuff_bricks":6,"minecraft:oak_trapdoor":14,"minecraft:stone_sword":1,"minecraft:cobblestone_wall":5,"minecraft:deepslate":256,"minecraft:sticky_piston":64,"minecraft:guster_banner_pattern":1,"minecraft:diamond_hoe":3,"minecraft:stone_shovel":11,"minecraft:spruce_fence":35,"minecraft:suspicious_stew":24,"minecraft:flint_and_steel":1,"minecraft:deepslate_bricks":320,"minecraft:filled_map":4,"minecraft:diamond_sword":1,"minecraft:potato":38,"minecraft:cobblestone_slab":2,"minecraft:spruce_boat":1,"minecraft:shield":3,"minecraft:flower_pot":3,"minecraft:trial_key":1,"minecraft:diamond_chestplate":1,"minecraft:spruce_planks":24,"minecraft:diamond_pickaxe":1,"minecraft:iron_chestplate":14,"minecraft:yellow_bed":3,"minecraft:oak_sapling":2,"minecraft:golden_sword":1,"minecraft:stone_bricks":1,"minecraft:spider_eye":2,"minecraft:diamond_boots":5,"minecraft:spruce_log":19,"minecraft:bow":8,"minecraft:stone_pickaxe":24,"minecraft:wooden_pickaxe":2,"minecraft:bell":24,"minecraft:nautilus_shell":2},"minecraft:picked_up":{"minecraft:iron_chestplate":3,"minecraft:wheat":192,"minecraft:anvil":2,"minecraft:nether_brick_fence":6,"minecraft:flower_pot":3,"minecraft:lead":2,"minecraft:smithing_table":3,"minecraft:diamond_sword":10,"minecraft:oak_stairs":39,"minecraft:enchanted_book":11,"minecraft:brewing_stand":3,"minecraft:golden_sword":1,"minecraft:string":23,"minecraft:dark_oak_trapdoor":40,"minecraft:smooth_stone_slab":15,"minecraft:sticky_piston":64,"minecraft:iron_leggings":13,"minecraft:diamond_leggings":10,"minecraft:smooth_stone":1,"minecraft:cobbled_deepslate":78,"minecraft:bucket":2,"minecraft:spruce_planks":30,"minecraft:trial_key":13,"minecraft:redstone_torch":1,"minecraft:cobblestone_slab":2,"minecraft:iron_pickaxe":1,"minecraft:enchanted_golden_apple":1,"minecraft:furnace":10,"minecraft:dark_oak_door":4,"minecraft:tipped_arrow":66,"minecraft:stick":919,"minecraft:composter":2,"minecraft:oak_fence":34,"minecraft:torch":253,"minecraft:porkchop":5,"minecraft:golden_axe":1,"minecraft:cauldron":4,"minecraft:stone_sword":1,"minecraft:honey_bottle":5,"minecraft:rotten_flesh":140,"minecraft:iron_block":64,"minecraft:glowstone":33,"minecraft:obsidian":134,"minecraft:iron_bars":3,"minecraft:cobblestone":850,"minecraft:nautilus_shell":2,"minecraft:enchanting_table":1,"minecraft:leather_chestplate":1,"minecraft:feather":4,"minecraft:cooked_beef":9,"minecraft:water_bucket":10,"minecraft:black_bed":3,"minecraft:dark_oak_boat":1,"minecraft:potato":87,"minecraft:flint":20,"minecraft:map":2,"minecraft:lapis_lazuli":18,"minecraft:dirt":2727,"minecraft:bone":63,"minecraft:bow":10,"minecraft:wheat_seeds":50,"minecraft:raw_gold":13,"minecraft:bell":4,"minecraft:dark_oak_sign":15,"minecraft:guster_banner_pattern":2,"minecraft:diamond_helmet":10,"minecraft:fletching_table":22,"minecraft:glowstone_dust":4,"minecraft:stone_hoe":3,"minecraft:oak_planks":109,"minecraft:poisonous_potato":1,"minecraft:oak_pressure_plate":1,"minecraft:sand":61,"minecraft:ink_sac":1,"minecraft:grass_block":8,"minecraft:dark_oak_log":64,"minecraft:mossy_cobblestone":86,"minecraft:deepslate":256,"minecraft:diamond":92,"minecraft:spruce_boat":5,"minecraft:lever":81,"minecraft:waxed_oxidized_copper_grate":1,"minecraft:blue_ice":18,"minecraft:crossbow":7,"minecraft:breeze_rod":3,"minecraft:bone_meal":64,"minecraft:golden_apple":17,"minecraft:emerald":322,"minecraft:bread":89,"minecraft:music_disc_precipice":4,"minecraft:oak_sapling":2,"minecraft:netherrack":2879,"minecraft:dark_oak_fence":2,"minecraft:ominous_trial_key":3,"minecraft:diamond_pickaxe":8,"minecraft:charcoal":80,"minecraft:crafting_table":9,"minecraft:azure_bluet":1,"minecraft:splash_potion":12,"minecraft:ominous_bottle":3,"minecraft:redstone_lamp":64,"minecraft:brown_mushroom":21,"minecraft:wooden_pickaxe":1,"minecraft:stone_brick_wall":10,"minecraft:shield":11,"minecraft:wind_charge":23,"minecraft:cornflower":1,"minecraft:oak_trapdoor":14,"minecraft:iron_axe":6,"minecraft:flint_and_steel":2,"minecraft:compass":1,"minecraft:birch_fence":2,"minecraft:blackstone":75,"minecraft:cartography_table":1,"minecraft:candle":4,"minecraft:beef":8,"minecraft:oak_boat":3,"minecraft:iron_nugget":11,"minecraft:poppy":15,"minecraft:lectern":563,"minecraft:chest":13,"minecraft:sugar_cane":41,"minecraft:spruce_trapdoor":2,"minecraft:piston":18,"minecraft:waxed_oxidized_copper":2,"minecraft:dark_oak_sapling":16,"minecraft:end_stone":22,"minecraft:stone":420,"minecraft:oak_door":9,"minecraft:copper_ingot":4,"minecraft:spruce_fence":24,"minecraft:fire_charge":2,"minecraft:white_dye":23,"minecraft:trident":11,"minecraft:carrot":29,"minecraft:dark_oak_planks":5,"minecraft:arrow":173,"minecraft:stone_shovel":2,"minecraft:diamond_chestplate":11,"minecraft:pumpkin_pie":12,"minecraft:nether_bricks":18,"minecraft:diamond_boots":9,"minecraft:deepslate_bricks":332,"minecraft:waxed_oxidized_cut_copper_stairs":1,"minecraft:hay_block":40,"minecraft:saddle":1,"minecraft:glistering_melon_slice":12,"minecraft:tuff_bricks":6,"minecraft:mutton":22,"minecraft:stripped_oak_log":2,"minecraft:white_wool":58,"minecraft:oxeye_daisy":1,"minecraft:clock":1,"minecraft:basalt":681,"minecraft:golden_carrot":325,"minecraft:leather":14,"minecraft:filled_map":3,"minecraft:birch_planks":18,"minecraft:oak_log":93,"minecraft:waxed_copper_block":2,"minecraft:cobblestone_wall":5,"minecraft:yellow_bed":27,"minecraft:gunpowder":20,"minecraft:cobblestone_stairs":35,"minecraft:paper":9,"minecraft:cooked_mutton":6,"minecraft:stone_bricks":23,"minecraft:kelp":2,"minecraft:oak_fence_gate":3,"minecraft:iron_ingot":320,"minecraft:stone_pickaxe":4,"minecraft:cooked_chicken":2,"minecraft:glass_bottle":2,"minecraft:book":315,"minecraft:emerald_block":767,"minecraft:pumpkin":7,"minecraft:quartz":18,"minecraft:dandelion":16,"minecraft:gravel":189,"minecraft:spruce_sapling":128,"minecraft:blast_furnace":1,"minecraft:white_bed":107,"minecraft:spruce_log":1472,"minecraft:spruce_door":4,"minecraft:spider_eye":6,"minecraft:diamond_shovel":6,"minecraft:iron_helmet":3,"minecraft:diamond_axe":11,"minecraft:gray_wool":2,"minecraft:oak_button":1,"minecraft:baked_potato":10,"minecraft:black_wool":1,"minecraft:chiseled_tuff_bricks":6,"minecraft:coal":8,"minecraft:ender_pearl":4},"minecraft:killed_by":{"minecraft:ghast":1,"minecraft:creeper":1,"minecraft:player":1,"minecraft:ender_dragon":1},"minecraft:killed":{"minecraft:zombified_piglin":1,"minecraft:spider":13,"minecraft:skeleton":37,"minecraft:silverfish":13,"minecraft:cat":1,"minecraft:pig":2,"minecraft:zombie_villager":10,"minecraft:iron_golem":17,"minecraft:ender_dragon":1,"minecraft:creeper":3,"minecraft:sheep":13,"minecraft:trader_llama":1,"minecraft:zombie":98,"minecraft:blaze":5,"minecraft:cow":4,"minecraft:armadillo":1,"minecraft:drowned":18,"minecraft:breeze":4,"minecraft:wither_skeleton":1,"minecraft:villager":56,"minecraft:enderman":2}},"DataVersion":3955}