{"stats":{"minecraft:picked_up":{"minecraft:birch_log":10,"minecraft:raw_iron":6,"minecraft:andesite":2,"minecraft:oak_log":5,"minecraft:dirt":10,"minecraft:raw_copper":47,"minecraft:wheat_seeds":4,"minecraft:stone_pickaxe":2,"minecraft:granite":8,"minecraft:oak_sapling":1,"minecraft:birch_sapling":2,"minecraft:coal":7,"minecraft:cobblestone":37},"minecraft:killed_by":{"minecraft:creeper":1,"minecraft:zombie":1},"minecraft:used":{"minecraft:wooden_axe":5,"minecraft:stone_pickaxe":38,"minecraft:wooden_pickaxe":38,"minecraft:torch":7,"minecraft:dirt":8,"minecraft:crafting_table":2},"minecraft:mined":{"minecraft:iron_ore":6,"minecraft:birch_log":6,"minecraft:andesite":2,"minecraft:glow_lichen":1,"minecraft:granite":8,"minecraft:short_grass":22,"minecraft:coal_ore":7,"minecraft:grass_block":3,"minecraft:oak_log":5,"minecraft:dirt":8,"minecraft:copper_ore":13,"minecraft:stone":38},"minecraft:dropped":{"minecraft:stone_pickaxe":2},"minecraft:custom":{"minecraft:time_since_rest":22358,"minecraft:sprint_one_cm":26841,"minecraft:damage_taken":637,"minecraft:walk_one_cm":68000,"minecraft:drop":2,"minecraft:damage_dealt":116,"minecraft:swim_one_cm":5060,"minecraft:interact_with_crafting_table":2,"minecraft:fly_one_cm":7886,"minecraft:crouch_one_cm":398,"minecraft:play_time":23944,"minecraft:deaths":2,"minecraft:sneak_time":267,"minecraft:walk_under_water_one_cm":1679,"minecraft:jump":250,"minecraft:time_since_death":22324,"minecraft:walk_on_water_one_cm":3262,"minecraft:total_world_time":23944,"minecraft:fall_one_cm":3031},"minecraft:crafted":{"minecraft:oak_planks":20,"minecraft:crafting_table":2,"minecraft:stick":10,"minecraft:wooden_pickaxe":1,"minecraft:stone_pickaxe":1,"minecraft:wooden_axe":1,"minecraft:torch":16,"minecraft:birch_planks":18,"minecraft:stone_axe":1}},"DataVersion":3955}