{"stats":{"minecraft:picked_up":{"minecraft:birch_log":10,"minecraft:crafting_table":1,"minecraft:raw_iron":10,"minecraft:andesite":2,"minecraft:wooden_pickaxe":1,"minecraft:porkchop":4,"minecraft:oak_log":19,"minecraft:dirt":12,"minecraft:raw_copper":47,"minecraft:rotten_flesh":1,"minecraft:wheat_seeds":4,"minecraft:white_tulip":1,"minecraft:stone_pickaxe":2,"minecraft:granite":8,"minecraft:oak_sapling":1,"minecraft:birch_sapling":2,"minecraft:coal":61,"minecraft:cobblestone":53},"minecraft:killed_by":{"minecraft:skeleton":1,"minecraft:creeper":1,"minecraft:zombie":1},"minecraft:used":{"minecraft:wooden_axe":5,"minecraft:stone_pickaxe":102,"minecraft:wooden_pickaxe":48,"minecraft:stone_axe":13,"minecraft:torch":23,"minecraft:dirt":12,"minecraft:crafting_table":3},"minecraft:mined":{"minecraft:iron_ore":10,"minecraft:birch_log":6,"minecraft:andesite":2,"minecraft:crafting_table":1,"minecraft:glow_lichen":1,"minecraft:granite":8,"minecraft:short_grass":27,"minecraft:coal_ore":61,"minecraft:grass_block":3,"minecraft:oak_log":19,"minecraft:dirt":9,"minecraft:copper_ore":13,"minecraft:white_tulip":1,"minecraft:stone":54,"minecraft:oak_leaves":1},"minecraft:dropped":{"minecraft:stone_axe":1,"minecraft:porkchop":2,"minecraft:wooden_pickaxe":1,"minecraft:stone_pickaxe":2},"minecraft:custom":{"minecraft:time_since_rest":9876,"minecraft:sprint_one_cm":64837,"minecraft:damage_taken":842,"minecraft:walk_one_cm":108117,"minecraft:mob_kills":2,"minecraft:drop":6,"minecraft:damage_dealt":469,"minecraft:swim_one_cm":5060,"minecraft:interact_with_crafting_table":4,"minecraft:fly_one_cm":12985,"minecraft:crouch_one_cm":1147,"minecraft:play_time":36170,"minecraft:deaths":3,"minecraft:sneak_time":881,"minecraft:walk_under_water_one_cm":1679,"minecraft:jump":388,"minecraft:leave_game":1,"minecraft:time_since_death":9757,"minecraft:walk_on_water_one_cm":3262,"minecraft:total_world_time":36170,"minecraft:fall_one_cm":5553},"minecraft:killed":{"minecraft:zombie":1,"minecraft:pig":1},"minecraft:crafted":{"minecraft:oak_planks":50,"minecraft:crafting_table":3,"minecraft:stick":22,"minecraft:wooden_pickaxe":2,"minecraft:stone_pickaxe":2,"minecraft:wooden_axe":2,"minecraft:torch":32,"minecraft:birch_planks":18,"minecraft:stone_axe":2}},"DataVersion":3955}