{"stats":{"minecraft:picked_up":{"minecraft:birch_log":10,"minecraft:wheat_seeds":3,"minecraft:oak_log":5,"minecraft:oak_sapling":1,"minecraft:birch_sapling":2,"minecraft:cobblestone":12},"minecraft:killed_by":{"minecraft:creeper":1,"minecraft:zombie":1},"minecraft:used":{"minecraft:wooden_axe":5,"minecraft:crafting_table":1,"minecraft:wooden_pickaxe":13},"minecraft:mined":{"minecraft:short_grass":22,"minecraft:oak_log":5,"minecraft:birch_log":6,"minecraft:stone":13},"minecraft:custom":{"minecraft:time_since_rest":10358,"minecraft:crouch_one_cm":28,"minecraft:play_time":11944,"minecraft:sprint_one_cm":19256,"minecraft:walk_one_cm":30505,"minecraft:damage_taken":537,"minecraft:deaths":2,"minecraft:sneak_time":13,"minecraft:walk_under_water_one_cm":1377,"minecraft:jump":55,"minecraft:damage_dealt":116,"minecraft:walk_on_water_one_cm":1423,"minecraft:time_since_death":10324,"minecraft:total_world_time":11944,"minecraft:swim_one_cm":3547,"minecraft:interact_with_crafting_table":1,"minecraft:fall_one_cm":209,"minecraft:fly_one_cm":5025},"minecraft:crafted":{"minecraft:birch_planks":18,"minecraft:crafting_table":1,"minecraft:stick":4,"minecraft:wooden_pickaxe":1,"minecraft:wooden_axe":1}},"DataVersion":3955}